Month,Longitude,Latitude,Crime type
2014-11,-1.802402,53.924004,Burglary
2014-11,-1.844045,53.925198,Burglary
2014-11,-1.844045,53.925198,Burglary
2014-11,-1.843116,53.925197,Burglary
2014-11,-1.825267,53.92927,Burglary
2014-11,-1.81881,53.925684,Burglary
2014-11,-1.825267,53.92927,Burglary
2014-11,-1.798794,53.923827,Burglary
2014-11,-1.816159,53.929508,Burglary
2014-11,-1.818911,53.92705,Burglary
2014-11,-1.75611,53.916378,Burglary
2014-11,-1.943173,53.907013,Burglary
2014-11,-1.939074,53.910373,Burglary
2014-11,-1.943173,53.907013,Burglary
2014-11,-1.937046,53.912708,Burglary
2014-11,-1.950976,53.911627,Burglary
2014-11,-1.914153,53.910987,Burglary
2014-11,-1.935696,53.909364,Burglary
2014-11,-1.974733,53.896149,Burglary
2014-11,-1.959773,53.897439,Burglary
2014-11,-1.745686,53.892899,Burglary
2014-11,-1.734385,53.889719,Burglary
2014-11,-1.741083,53.889249,Burglary
2014-11,-1.851597,53.873806,Burglary
2014-11,-1.849874,53.875269,Burglary
2014-11,-1.849597,53.875943,Burglary
2014-11,-1.851597,53.873806,Burglary
2014-11,-1.885138,53.877663,Burglary
2014-11,-1.889327,53.881414,Burglary
2014-11,-1.891261,53.874496,Burglary
2014-11,-1.895045,53.882013,Burglary
2014-11,-1.924868,53.869254,Burglary
2014-11,-1.90525,53.87635,Burglary
2014-11,-1.920605,53.872092,Burglary
2014-11,-1.902966,53.870614,Burglary
2014-11,-1.894991,53.87316,Burglary
2014-11,-1.900048,53.870036,Burglary
2014-11,-1.899092,53.85623,Burglary
2014-11,-1.910522,53.864778,Burglary
2014-11,-1.910522,53.864778,Burglary
2014-11,-1.912704,53.868527,Burglary
2014-11,-1.918791,53.866266,Burglary
2014-11,-1.906885,53.865871,Burglary
2014-11,-1.907854,53.867966,Burglary
2014-11,-1.904621,53.865088,Burglary
2014-11,-1.906184,53.866581,Burglary
2014-11,-1.919292,53.858888,Burglary
2014-11,-1.928431,53.867135,Burglary
2014-11,-1.931452,53.870292,Burglary
2014-11,-1.918881,53.867201,Burglary
2014-11,-1.922577,53.866745,Burglary
2014-11,-1.922892,53.860679,Burglary
2014-11,-1.922968,53.860814,Burglary
2014-11,-1.925494,53.85962,Burglary
2014-11,-1.925494,53.85962,Burglary
2014-11,-1.833508,53.855941,Burglary
2014-11,-1.835405,53.860744,Burglary
2014-11,-1.833193,53.858763,Burglary
2014-11,-1.831837,53.859543,Burglary
2014-11,-1.834852,53.854379,Burglary
2014-11,-1.831138,53.851974,Burglary
2014-11,-1.819486,53.853773,Burglary
2014-11,-1.819486,53.853773,Burglary
2014-11,-1.816286,53.858873,Burglary
2014-11,-1.834971,53.862927,Burglary
2014-11,-1.830994,53.861295,Burglary
2014-11,-1.843422,53.859775,Burglary
2014-11,-1.843342,53.860646,Burglary
2014-11,-1.834971,53.862927,Burglary
2014-11,-1.844252,53.861438,Burglary
2014-11,-1.832709,53.861935,Burglary
2014-11,-1.844252,53.861438,Burglary
2014-11,-1.913469,53.859054,Burglary
2014-11,-1.903611,53.861564,Burglary
2014-11,-1.918595,53.849998,Burglary
2014-11,-1.914774,53.852611,Burglary
2014-11,-1.922377,53.859393,Burglary
2014-11,-1.935649,53.860614,Burglary
2014-11,-1.932438,53.852883,Burglary
2014-11,-1.935105,53.857927,Burglary
2014-11,-1.935108,53.856435,Burglary
2014-11,-1.933889,53.857953,Burglary
2014-11,-1.938116,53.85747,Burglary
2014-11,-1.771893,53.850061,Burglary
2014-11,-1.767069,53.851139,Burglary
2014-11,-1.767857,53.851518,Burglary
2014-11,-1.771893,53.850061,Burglary
2014-11,-1.927809,53.865949,Burglary
2014-11,-1.959566,53.843539,Burglary
2014-11,-1.957542,53.846917,Burglary
2014-11,-1.836357,53.850687,Burglary
2014-11,-1.847867,53.85827,Burglary
2014-11,-1.837642,53.848514,Burglary
2014-11,-1.84685,53.857847,Burglary
2014-11,-1.835848,53.852349,Burglary
2014-11,-1.820008,53.845289,Burglary
2014-11,-1.820008,53.845289,Burglary
2014-11,-1.819945,53.845999,Burglary
2014-11,-1.828572,53.851189,Burglary
2014-11,-1.825496,53.848875,Burglary
2014-11,-1.831149,53.849125,Burglary
2014-11,-1.830464,53.849403,Burglary
2014-11,-1.833774,53.850199,Burglary
2014-11,-1.834727,53.851575,Burglary
2014-11,-1.827039,53.846756,Burglary
2014-11,-1.831667,53.848901,Burglary
2014-11,-1.833037,53.844418,Burglary
2014-11,-1.832999,53.846458,Burglary
2014-11,-1.753804,53.844911,Burglary
2014-11,-1.758102,53.848218,Burglary
2014-11,-1.769348,53.84842,Burglary
2014-11,-1.769348,53.84842,Burglary
2014-11,-1.782203,53.840562,Burglary
2014-11,-1.780145,53.841754,Burglary
2014-11,-1.782203,53.840562,Burglary
2014-11,-1.762525,53.845459,Burglary
2014-11,-1.766498,53.841701,Burglary
2014-11,-1.770199,53.845744,Burglary
2014-11,-1.751607,53.851468,Burglary
2014-11,-1.704124,53.835568,Burglary
2014-11,-1.735662,53.841664,Burglary
2014-11,-1.735662,53.841664,Burglary
2014-11,-1.737979,53.845471,Burglary
2014-11,-1.742364,53.84175,Burglary
2014-11,-1.818905,53.843814,Burglary
2014-11,-1.796501,53.837909,Burglary
2014-11,-1.79144,53.838116,Burglary
2014-11,-1.79293,53.834847,Burglary
2014-11,-1.794388,53.834921,Burglary
2014-11,-1.791993,53.836759,Burglary
2014-11,-1.796777,53.831096,Burglary
2014-11,-1.806275,53.830707,Burglary
2014-11,-1.729164,53.831268,Burglary
2014-11,-1.724869,53.830459,Burglary
2014-11,-1.723314,53.831264,Burglary
2014-11,-1.737636,53.829822,Burglary
2014-11,-1.713638,53.830936,Burglary
2014-11,-1.728323,53.83203,Burglary
2014-11,-1.707982,53.831426,Burglary
2014-11,-1.710506,53.831216,Burglary
2014-11,-1.76624,53.833423,Burglary
2014-11,-1.764729,53.831964,Burglary
2014-11,-1.787826,53.831485,Burglary
2014-11,-1.782291,53.82939,Burglary
2014-11,-1.789215,53.833285,Burglary
2014-11,-1.78701,53.830693,Burglary
2014-11,-1.77389,53.83492,Burglary
2014-11,-1.787243,53.835664,Burglary
2014-11,-1.776257,53.832633,Burglary
2014-11,-1.777815,53.833957,Burglary
2014-11,-1.777815,53.833957,Burglary
2014-11,-1.777815,53.833957,Burglary
2014-11,-1.787638,53.8357,Burglary
2014-11,-1.757418,53.827113,Burglary
2014-11,-1.760153,53.824351,Burglary
2014-11,-1.762042,53.823411,Burglary
2014-11,-1.762541,53.823861,Burglary
2014-11,-1.764931,53.822877,Burglary
2014-11,-1.76699,53.824175,Burglary
2014-11,-1.771376,53.83052,Burglary
2014-11,-1.770816,53.827302,Burglary
2014-11,-1.766243,53.827374,Burglary
2014-11,-1.75592,53.82862,Burglary
2014-11,-1.852073,53.820688,Burglary
2014-11,-1.852073,53.820688,Burglary
2014-11,-1.827474,53.8334,Burglary
2014-11,-1.828345,53.83217,Burglary
2014-11,-1.863083,53.826427,Burglary
2014-11,-1.863415,53.82223,Burglary
2014-11,-1.837028,53.830394,Burglary
2014-11,-1.824942,53.835823,Burglary
2014-11,-1.969917,53.821153,Burglary
2014-11,-1.919026,53.838809,Burglary
2014-11,-1.749661,53.828652,Burglary
2014-11,-1.746428,53.828097,Burglary
2014-11,-1.743543,53.82784,Burglary
2014-11,-1.740881,53.825911,Burglary
2014-11,-1.738098,53.818957,Burglary
2014-11,-1.746198,53.820943,Burglary
2014-11,-1.754231,53.823979,Burglary
2014-11,-1.777869,53.826686,Burglary
2014-11,-1.780538,53.827517,Burglary
2014-11,-1.782743,53.824169,Burglary
2014-11,-1.780016,53.820003,Burglary
2014-11,-1.778574,53.822606,Burglary
2014-11,-1.77815,53.825275,Burglary
2014-11,-1.719042,53.822581,Burglary
2014-11,-1.727258,53.827642,Burglary
2014-11,-1.724076,53.826269,Burglary
2014-11,-1.725912,53.826668,Burglary
2014-11,-1.734382,53.818203,Burglary
2014-11,-1.731511,53.822942,Burglary
2014-11,-1.734943,53.820711,Burglary
2014-11,-1.735176,53.822357,Burglary
2014-11,-1.732622,53.820203,Burglary
2014-11,-1.725856,53.821212,Burglary
2014-11,-1.713278,53.819161,Burglary
2014-11,-1.709643,53.817633,Burglary
2014-11,-1.710723,53.819496,Burglary
2014-11,-1.710723,53.819496,Burglary
2014-11,-1.712594,53.821397,Burglary
2014-11,-1.709807,53.822433,Burglary
2014-11,-1.708505,53.821765,Burglary
2014-11,-1.74092,53.814613,Burglary
2014-11,-1.748131,53.820255,Burglary
2014-11,-1.746498,53.816422,Burglary
2014-11,-1.741002,53.816096,Burglary
2014-11,-1.734494,53.817214,Burglary
2014-11,-1.739256,53.816011,Burglary
2014-11,-1.734345,53.816827,Burglary
2014-11,-1.739395,53.818124,Burglary
2014-11,-1.739345,53.813881,Burglary
2014-11,-1.756525,53.810691,Burglary
2014-11,-1.755113,53.813249,Burglary
2014-11,-1.756525,53.810691,Burglary
2014-11,-1.74975,53.811027,Burglary
2014-11,-1.779755,53.817593,Burglary
2014-11,-1.790442,53.81266,Burglary
2014-11,-1.801442,53.811717,Burglary
2014-11,-1.815055,53.813923,Burglary
2014-11,-1.814333,53.812241,Burglary
2014-11,-1.815055,53.813923,Burglary
2014-11,-1.800956,53.814952,Burglary
2014-11,-1.804152,53.806958,Burglary
2014-11,-1.804152,53.806958,Burglary
2014-11,-1.900247,53.824351,Burglary
2014-11,-1.897718,53.827611,Burglary
2014-11,-1.899104,53.800667,Burglary
2014-11,-1.730661,53.815687,Burglary
2014-11,-1.730142,53.811398,Burglary
2014-11,-1.728346,53.811969,Burglary
2014-11,-1.731597,53.811887,Burglary
2014-11,-1.731597,53.811887,Burglary
2014-11,-1.730661,53.815687,Burglary
2014-11,-1.7323,53.813605,Burglary
2014-11,-1.731597,53.811887,Burglary
2014-11,-1.732171,53.81471,Burglary
2014-11,-1.727351,53.813297,Burglary
2014-11,-1.727231,53.815382,Burglary
2014-11,-1.720785,53.816338,Burglary
2014-11,-1.728538,53.815206,Burglary
2014-11,-1.726601,53.811831,Burglary
2014-11,-1.725793,53.812314,Burglary
2014-11,-1.722627,53.808739,Burglary
2014-11,-1.725843,53.809303,Burglary
2014-11,-1.72302,53.806672,Burglary
2014-11,-1.780712,53.805884,Burglary
2014-11,-1.781409,53.809058,Burglary
2014-11,-1.785651,53.808113,Burglary
2014-11,-1.786994,53.809706,Burglary
2014-11,-1.786248,53.807089,Burglary
2014-11,-1.783545,53.807084,Burglary
2014-11,-1.770648,53.808004,Burglary
2014-11,-1.760015,53.811264,Burglary
2014-11,-1.76257,53.810622,Burglary
2014-11,-1.765638,53.813252,Burglary
2014-11,-1.778286,53.805304,Burglary
2014-11,-1.73237,53.809758,Burglary
2014-11,-1.736099,53.810764,Burglary
2014-11,-1.729189,53.810866,Burglary
2014-11,-1.732041,53.806576,Burglary
2014-11,-1.738203,53.807048,Burglary
2014-11,-1.73756,53.807838,Burglary
2014-11,-1.740771,53.806694,Burglary
2014-11,-1.73913,53.806933,Burglary
2014-11,-1.7501,53.808386,Burglary
2014-11,-1.743065,53.804137,Burglary
2014-11,-1.733055,53.804628,Burglary
2014-11,-1.734523,53.803076,Burglary
2014-11,-1.734081,53.805718,Burglary
2014-11,-1.731715,53.805353,Burglary
2014-11,-1.72879,53.809166,Burglary
2014-11,-1.726352,53.808127,Burglary
2014-11,-1.840035,53.810804,Burglary
2014-11,-1.831089,53.81862,Burglary
2014-11,-1.83339,53.813078,Burglary
2014-11,-1.8329,53.817769,Burglary
2014-11,-1.834321,53.808001,Burglary
2014-11,-1.831774,53.806964,Burglary
2014-11,-1.829362,53.806277,Burglary
2014-11,-1.820229,53.804448,Burglary
2014-11,-1.823911,53.806287,Burglary
2014-11,-1.827602,53.805834,Burglary
2014-11,-1.824387,53.801372,Burglary
2014-11,-1.82153,53.798267,Burglary
2014-11,-1.829022,53.80412,Burglary
2014-11,-1.829022,53.80412,Burglary
2014-11,-1.831831,53.803926,Burglary
2014-11,-1.787923,53.800234,Burglary
2014-11,-1.802721,53.804556,Burglary
2014-11,-1.801204,53.804203,Burglary
2014-11,-1.787659,53.801429,Burglary
2014-11,-1.787659,53.801429,Burglary
2014-11,-1.784338,53.803464,Burglary
2014-11,-1.712551,53.798765,Burglary
2014-11,-1.721686,53.806328,Burglary
2014-11,-1.721686,53.806328,Burglary
2014-11,-1.713622,53.804313,Burglary
2014-11,-1.705783,53.802605,Burglary
2014-11,-1.734881,53.799194,Burglary
2014-11,-1.742148,53.797583,Burglary
2014-11,-1.735444,53.799115,Burglary
2014-11,-1.764007,53.798185,Burglary
2014-11,-1.76347,53.796324,Burglary
2014-11,-1.770078,53.801181,Burglary
2014-11,-1.752742,53.792923,Burglary
2014-11,-1.755422,53.794205,Burglary
2014-11,-1.755051,53.797835,Burglary
2014-11,-1.755422,53.794205,Burglary
2014-11,-1.749168,53.796636,Burglary
2014-11,-1.752528,53.79578,Burglary
2014-11,-1.755422,53.794205,Burglary
2014-11,-1.76065,53.798502,Burglary
2014-11,-1.757883,53.796376,Burglary
2014-11,-1.761724,53.796401,Burglary
2014-11,-1.762583,53.805598,Burglary
2014-11,-1.759166,53.800333,Burglary
2014-11,-1.745144,53.801742,Burglary
2014-11,-1.756962,53.808714,Burglary
2014-11,-1.759166,53.800333,Burglary
2014-11,-1.763195,53.804871,Burglary
2014-11,-1.759166,53.800333,Burglary
2014-11,-1.801415,53.798019,Burglary
2014-11,-1.803563,53.793313,Burglary
2014-11,-1.803563,53.793313,Burglary
2014-11,-1.804749,53.799427,Burglary
2014-11,-1.798101,53.79903,Burglary
2014-11,-1.796869,53.799495,Burglary
2014-11,-1.792639,53.798373,Burglary
2014-11,-1.799292,53.797611,Burglary
2014-11,-1.794961,53.798512,Burglary
2014-11,-1.816741,53.799832,Burglary
2014-11,-1.817924,53.79667,Burglary
2014-11,-1.815427,53.794887,Burglary
2014-11,-1.821017,53.79761,Burglary
2014-11,-1.816829,53.797046,Burglary
2014-11,-1.816994,53.79764,Burglary
2014-11,-1.814269,53.795721,Burglary
2014-11,-1.808392,53.796152,Burglary
2014-11,-1.814819,53.798481,Burglary
2014-11,-1.80845,53.79688,Burglary
2014-11,-1.816994,53.79764,Burglary
2014-11,-1.814764,53.797259,Burglary
2014-11,-1.776772,53.801454,Burglary
2014-11,-1.767717,53.79431,Burglary
2014-11,-1.779559,53.791258,Burglary
2014-11,-1.769123,53.795418,Burglary
2014-11,-1.772381,53.793708,Burglary
2014-11,-1.785613,53.797615,Burglary
2014-11,-1.715407,53.794044,Burglary
2014-11,-1.715407,53.794044,Burglary
2014-11,-1.720568,53.794083,Burglary
2014-11,-1.727005,53.796291,Burglary
2014-11,-1.722711,53.80065,Burglary
2014-11,-1.712158,53.796383,Burglary
2014-11,-1.714226,53.793529,Burglary
2014-11,-1.826773,53.797124,Burglary
2014-11,-1.82821,53.790879,Burglary
2014-11,-1.826773,53.797124,Burglary
2014-11,-1.821477,53.796604,Burglary
2014-11,-1.819933,53.795568,Burglary
2014-11,-1.82866,53.796084,Burglary
2014-11,-1.856098,53.794134,Burglary
2014-11,-1.850976,53.778884,Burglary
2014-11,-1.761603,53.790972,Burglary
2014-11,-1.765678,53.792481,Burglary
2014-11,-1.760511,53.790916,Burglary
2014-11,-1.757845,53.792466,Burglary
2014-11,-1.762265,53.792079,Burglary
2014-11,-1.762612,53.795109,Burglary
2014-11,-1.764503,53.788066,Burglary
2014-11,-1.776797,53.791082,Burglary
2014-11,-1.777181,53.790247,Burglary
2014-11,-1.771278,53.787126,Burglary
2014-11,-1.768991,53.788982,Burglary
2014-11,-1.770835,53.787611,Burglary
2014-11,-1.770835,53.787611,Burglary
2014-11,-1.782057,53.786643,Burglary
2014-11,-1.774783,53.787286,Burglary
2014-11,-1.781704,53.781438,Burglary
2014-11,-1.734865,53.784876,Burglary
2014-11,-1.73645,53.7863,Burglary
2014-11,-1.739891,53.784582,Burglary
2014-11,-1.737018,53.785285,Burglary
2014-11,-1.735843,53.783809,Burglary
2014-11,-1.739053,53.782656,Burglary
2014-11,-1.735416,53.77935,Burglary
2014-11,-1.725249,53.779246,Burglary
2014-11,-1.710883,53.787427,Burglary
2014-11,-1.712123,53.790351,Burglary
2014-11,-1.710883,53.787427,Burglary
2014-11,-1.719343,53.784257,Burglary
2014-11,-1.71404,53.785197,Burglary
2014-11,-1.715381,53.786602,Burglary
2014-11,-1.720658,53.789608,Burglary
2014-11,-1.719303,53.778864,Burglary
2014-11,-1.805766,53.786405,Burglary
2014-11,-1.805766,53.786405,Burglary
2014-11,-1.822402,53.782431,Burglary
2014-11,-1.824217,53.7838,Burglary
2014-11,-1.824217,53.7838,Burglary
2014-11,-1.822476,53.782872,Burglary
2014-11,-1.810593,53.782728,Burglary
2014-11,-1.809983,53.783527,Burglary
2014-11,-1.808375,53.783407,Burglary
2014-11,-1.823494,53.779035,Burglary
2014-11,-1.823423,53.781498,Burglary
2014-11,-1.810601,53.781056,Burglary
2014-11,-1.761415,53.789309,Burglary
2014-11,-1.765865,53.783332,Burglary
2014-11,-1.763018,53.784989,Burglary
2014-11,-1.761415,53.789309,Burglary
2014-11,-1.759679,53.787697,Burglary
2014-11,-1.763018,53.784989,Burglary
2014-11,-1.763599,53.781539,Burglary
2014-11,-1.749463,53.78018,Burglary
2014-11,-1.753028,53.780394,Burglary
2014-11,-1.750632,53.780119,Burglary
2014-11,-1.751929,53.781443,Burglary
2014-11,-1.750762,53.783832,Burglary
2014-11,-1.749463,53.78018,Burglary
2014-11,-1.755083,53.779401,Burglary
2014-11,-1.755083,53.779401,Burglary
2014-11,-1.797793,53.787237,Burglary
2014-11,-1.804265,53.782744,Burglary
2014-11,-1.801767,53.784601,Burglary
2014-11,-1.804387,53.782529,Burglary
2014-11,-1.797955,53.781934,Burglary
2014-11,-1.805733,53.773678,Burglary
2014-11,-1.806198,53.774865,Burglary
2014-11,-1.804498,53.778251,Burglary
2014-11,-1.801659,53.778588,Burglary
2014-11,-1.80867,53.781781,Burglary
2014-11,-1.807762,53.764594,Burglary
2014-11,-1.817555,53.77313,Burglary
2014-11,-1.822761,53.772824,Burglary
2014-11,-1.816626,53.770558,Burglary
2014-11,-1.790781,53.78718,Burglary
2014-11,-1.791767,53.787271,Burglary
2014-11,-1.785981,53.78194,Burglary
2014-11,-1.789395,53.779187,Burglary
2014-11,-1.785988,53.780664,Burglary
2014-11,-1.793159,53.778978,Burglary
2014-11,-1.779802,53.779628,Burglary
2014-11,-1.781069,53.775244,Burglary
2014-11,-1.772933,53.775814,Burglary
2014-11,-1.784993,53.77633,Burglary
2014-11,-1.787875,53.77363,Burglary
2014-11,-1.784993,53.77633,Burglary
2014-11,-1.767038,53.779802,Burglary
2014-11,-1.771521,53.775964,Burglary
2014-11,-1.769572,53.777146,Burglary
2014-11,-1.770027,53.779898,Burglary
2014-11,-1.772835,53.776991,Burglary
2014-11,-1.774804,53.777678,Burglary
2014-11,-1.767712,53.775902,Burglary
2014-11,-1.765201,53.774594,Burglary
2014-11,-1.708026,53.781354,Burglary
2014-11,-1.706731,53.782177,Burglary
2014-11,-1.708658,53.7822,Burglary
2014-11,-1.711002,53.778916,Burglary
2014-11,-1.717542,53.776703,Burglary
2014-11,-1.699873,53.773397,Burglary
2014-11,-1.701427,53.774686,Burglary
2014-11,-1.7152,53.772967,Burglary
2014-11,-1.750351,53.776281,Burglary
2014-11,-1.756744,53.775548,Burglary
2014-11,-1.754353,53.777062,Burglary
2014-11,-1.754479,53.773557,Burglary
2014-11,-1.754479,53.773557,Burglary
2014-11,-1.774268,53.767403,Burglary
2014-11,-1.772756,53.771984,Burglary
2014-11,-1.780911,53.767658,Burglary
2014-11,-1.785667,53.769231,Burglary
2014-11,-1.780911,53.767658,Burglary
2014-11,-1.783759,53.768571,Burglary
2014-11,-1.771337,53.773402,Burglary
2014-11,-1.77162,53.774535,Burglary
2014-11,-1.777629,53.77158,Burglary
2014-11,-1.790404,53.771504,Burglary
2014-11,-1.79318,53.771671,Burglary
2014-11,-1.788096,53.768929,Burglary
2014-11,-1.802659,53.76588,Burglary
2014-11,-1.799585,53.774414,Burglary
2014-11,-1.798168,53.772371,Burglary
2014-11,-1.797756,53.772937,Burglary
2014-11,-1.801504,53.77288,Burglary
2014-11,-1.801469,53.773896,Burglary
2014-11,-1.798168,53.772371,Burglary
2014-11,-1.798401,53.77132,Burglary
2014-11,-1.802164,53.771093,Burglary
2014-11,-1.802164,53.771093,Burglary
2014-11,-1.800657,53.769095,Burglary
2014-11,-1.802164,53.771093,Burglary
2014-11,-1.785534,53.768484,Burglary
2014-11,-1.757173,53.769545,Burglary
2014-11,-1.756658,53.76931,Burglary
2014-11,-1.757173,53.769545,Burglary
2014-11,-1.770294,53.767216,Burglary
2014-11,-1.77641,53.763947,Burglary
2014-11,-1.715323,53.768258,Burglary
2014-11,-1.730412,53.762199,Burglary
2014-11,-1.733045,53.768038,Burglary
2014-11,-1.721934,53.771176,Burglary
2014-11,-1.726491,53.767915,Burglary
2014-11,-1.727148,53.769678,Burglary
2014-11,-1.710308,53.762907,Burglary
2014-11,-1.710308,53.762907,Burglary
2014-11,-1.728245,53.766535,Burglary
2014-11,-1.730209,53.763124,Burglary
2014-11,-1.732177,53.758967,Burglary
2014-11,-1.742452,53.757803,Burglary
2014-11,-1.827371,53.769729,Burglary
2014-11,-1.841483,53.769174,Burglary
2014-11,-1.860275,53.766069,Burglary
2014-11,-1.853913,53.763473,Burglary
2014-11,-1.849221,53.760402,Burglary
2014-11,-1.776866,53.763732,Burglary
2014-11,-1.77669,53.762644,Burglary
2014-11,-1.776866,53.763732,Burglary
2014-11,-1.777275,53.763895,Burglary
2014-11,-1.776866,53.763732,Burglary
2014-11,-1.77744,53.76412,Burglary
2014-11,-1.776866,53.763732,Burglary
2014-11,-1.797337,53.768451,Burglary
2014-11,-1.796021,53.767739,Burglary
2014-11,-1.794873,53.763566,Burglary
2014-11,-1.792644,53.763437,Burglary
2014-11,-1.797308,53.764982,Burglary
2014-11,-1.799809,53.765534,Burglary
2014-11,-1.797308,53.764982,Burglary
2014-11,-1.781737,53.763399,Burglary
2014-11,-1.781737,53.763399,Burglary
2014-11,-1.799358,53.761507,Burglary
2014-11,-1.806287,53.762075,Burglary
2014-11,-1.797197,53.759849,Burglary
2014-11,-1.797197,53.759849,Burglary
2014-11,-1.795933,53.760881,Burglary
2014-11,-1.795933,53.760881,Burglary
2014-11,-1.795933,53.760881,Burglary
2014-11,-1.785494,53.75547,Burglary
2014-11,-1.78083,53.754104,Burglary
2014-11,-1.769364,53.75686,Burglary
2014-11,-1.742757,53.752662,Burglary
2014-11,-1.746142,53.749524,Burglary
2014-11,-1.751576,53.751378,Burglary
2014-11,-1.752744,53.753762,Burglary
2014-11,-1.743161,53.748592,Burglary
2014-11,-1.752744,53.753762,Burglary
2014-11,-1.754202,53.750934,Burglary
2014-11,-1.752744,53.753762,Burglary
2014-11,-1.756719,53.756152,Burglary
2014-11,-1.767023,53.749665,Burglary
2014-11,-1.756719,53.756152,Burglary
2014-11,-1.772758,53.746386,Burglary
2014-11,-1.770028,53.74648,Burglary
2014-11,-1.771456,53.746015,Burglary
2014-11,-1.768594,53.745273,Burglary
2014-11,-1.768594,53.745273,Burglary
2014-11,-1.767881,53.742629,Burglary
2014-11,-1.76123,53.744324,Burglary
2014-11,-1.77616,53.731068,Burglary
2014-11,-1.770326,53.739092,Burglary
2014-11,-1.772914,53.737111,Burglary
2014-11,-1.769473,53.739855,Burglary
2014-11,-1.769732,53.739523,Burglary
2014-11,-1.766106,53.739974,Burglary
2014-11,-1.768498,53.740554,Burglary
2014-11,-1.767629,53.738818,Burglary
2014-11,-1.770969,53.740765,Burglary
2014-11,-1.767347,53.740381,Burglary
2014-11,-1.766301,53.740487,Burglary
2014-11,-1.773594,53.737463,Burglary
2014-11,-1.772743,53.729381,Burglary
2014-11,-1.767927,53.736913,Burglary
2014-11,-1.763505,53.733435,Burglary
2014-11,-1.761863,53.73433,Burglary
2014-11,-1.769413,53.734084,Burglary
2014-11,-1.766921,53.732507,Burglary
2014-11,-1.769286,53.7351,Burglary
2014-11,-1.890142,53.761687,Burglary
2014-11,-1.88411,53.754104,Burglary
2014-11,-1.877373,53.749927,Burglary
2014-11,-1.880786,53.749769,Burglary
2014-11,-1.896934,53.756866,Burglary
2014-11,-1.909425,53.752805,Burglary
2014-11,-1.906507,53.755373,Burglary
2014-11,-1.914354,53.752746,Burglary
2014-11,-1.906611,53.749612,Burglary
2014-11,-1.918663,53.751499,Burglary
2014-11,-1.917386,53.753143,Burglary
2014-11,-1.909706,53.748994,Burglary
2014-11,-1.809984,53.756347,Burglary
2014-11,-1.805785,53.752502,Burglary
2014-11,-1.83323,53.745928,Burglary
2014-11,-1.840886,53.734389,Burglary
2014-11,-2.01305,53.751823,Burglary
2014-11,-2.053316,53.741439,Burglary
2014-11,-2.067132,53.744398,Burglary
2014-11,-2.004331,53.755023,Burglary
2014-11,-2.012608,53.744102,Burglary
2014-11,-2.016428,53.740956,Burglary
2014-11,-2.01282,53.741621,Burglary
2014-11,-2.01282,53.741621,Burglary
2014-11,-1.892072,53.748351,Burglary
2014-11,-1.887455,53.750854,Burglary
2014-11,-1.89633,53.749684,Burglary
2014-11,-1.89633,53.749684,Burglary
2014-11,-1.898043,53.749875,Burglary
2014-11,-1.890623,53.739622,Burglary
2014-11,-1.886643,53.742746,Burglary
2014-11,-1.886643,53.742746,Burglary
2014-11,-1.880273,53.743378,Burglary
2014-11,-1.887287,53.739951,Burglary
2014-11,-1.884627,53.73692,Burglary
2014-11,-1.887287,53.739951,Burglary
2014-11,-1.883539,53.735714,Burglary
2014-11,-1.880758,53.748978,Burglary
2014-11,-1.877589,53.748813,Burglary
2014-11,-1.878273,53.742873,Burglary
2014-11,-1.876254,53.749135,Burglary
2014-11,-1.877673,53.745991,Burglary
2014-11,-1.881984,53.738841,Burglary
2014-11,-1.880368,53.742039,Burglary
2014-11,-1.880368,53.742039,Burglary
2014-11,-1.877248,53.740759,Burglary
2014-11,-2.001235,53.705346,Burglary
2014-11,-1.990156,53.729838,Burglary
2014-11,-1.989128,53.717515,Burglary
2014-11,-1.981393,53.73372,Burglary
2014-11,-1.985896,53.732777,Burglary
2014-11,-1.98341,53.731141,Burglary
2014-11,-1.932939,53.738718,Burglary
2014-11,-1.938631,53.744204,Burglary
2014-11,-1.932083,53.752182,Burglary
2014-11,-1.926781,53.749078,Burglary
2014-11,-1.945342,53.724991,Burglary
2014-11,-1.939686,53.727343,Burglary
2014-11,-1.856186,53.728485,Burglary
2014-11,-1.850417,53.731058,Burglary
2014-11,-1.856772,53.729879,Burglary
2014-11,-1.867776,53.734961,Burglary
2014-11,-1.860755,53.726441,Burglary
2014-11,-1.861495,53.722631,Burglary
2014-11,-1.867631,53.722971,Burglary
2014-11,-1.861083,53.718721,Burglary
2014-11,-1.854356,53.722812,Burglary
2014-11,-1.856704,53.723246,Burglary
2014-11,-1.861083,53.718721,Burglary
2014-11,-1.861083,53.718721,Burglary
2014-11,-1.861083,53.718721,Burglary
2014-11,-1.856704,53.723246,Burglary
2014-11,-1.8596,53.727294,Burglary
2014-11,-1.862129,53.732501,Burglary
2014-11,-1.860213,53.730009,Burglary
2014-11,-1.861292,53.733776,Burglary
2014-11,-1.866713,53.730538,Burglary
2014-11,-1.864328,53.727677,Burglary
2014-11,-1.920189,53.738315,Burglary
2014-11,-1.899937,53.731109,Burglary
2014-11,-1.920868,53.724141,Burglary
2014-11,-1.913441,53.724451,Burglary
2014-11,-1.913894,53.717854,Burglary
2014-11,-1.904588,53.725478,Burglary
2014-11,-1.902512,53.72562,Burglary
2014-11,-1.909639,53.723459,Burglary
2014-11,-1.897216,53.728096,Burglary
2014-11,-1.895422,53.730288,Burglary
2014-11,-1.89437,53.726925,Burglary
2014-11,-1.895422,53.730288,Burglary
2014-11,-1.897216,53.728096,Burglary
2014-11,-1.895422,53.730288,Burglary
2014-11,-1.893815,53.730655,Burglary
2014-11,-1.893815,53.730655,Burglary
2014-11,-1.895422,53.730288,Burglary
2014-11,-1.898065,53.721688,Burglary
2014-11,-1.803413,53.714955,Burglary
2014-11,-1.799408,53.715955,Burglary
2014-11,-1.806772,53.729207,Burglary
2014-11,-1.801514,53.725513,Burglary
2014-11,-1.797828,53.726262,Burglary
2014-11,-1.805091,53.7288,Burglary
2014-11,-1.806772,53.729207,Burglary
2014-11,-1.806772,53.729207,Burglary
2014-11,-1.806772,53.729207,Burglary
2014-11,-1.810891,53.729995,Burglary
2014-11,-1.819577,53.726153,Burglary
2014-11,-1.811093,53.725493,Burglary
2014-11,-1.817715,53.725683,Burglary
2014-11,-1.871849,53.726391,Burglary
2014-11,-1.87412,53.727256,Burglary
2014-11,-1.881256,53.728072,Burglary
2014-11,-1.881689,53.724999,Burglary
2014-11,-1.882144,53.725035,Burglary
2014-11,-1.883772,53.722682,Burglary
2014-11,-1.883864,53.727769,Burglary
2014-11,-1.88009,53.722355,Burglary
2014-11,-1.886065,53.720833,Burglary
2014-11,-1.890395,53.716747,Burglary
2014-11,-1.890395,53.716747,Burglary
2014-11,-1.885852,53.715475,Burglary
2014-11,-1.783112,53.70844,Burglary
2014-11,-1.766311,53.697452,Burglary
2014-11,-1.751141,53.699048,Burglary
2014-11,-1.75882,53.701751,Burglary
2014-11,-1.762807,53.70388,Burglary
2014-11,-1.743331,53.713215,Burglary
2014-11,-1.761553,53.706044,Burglary
2014-11,-1.792451,53.71944,Burglary
2014-11,-1.788499,53.724799,Burglary
2014-11,-1.776163,53.72759,Burglary
2014-11,-1.794175,53.738695,Burglary
2014-11,-1.789532,53.721322,Burglary
2014-11,-1.785543,53.73699,Burglary
2014-11,-1.785543,53.73699,Burglary
2014-11,-1.774377,53.72151,Burglary
2014-11,-1.781759,53.718198,Burglary
2014-11,-1.865715,53.710826,Burglary
2014-11,-1.878117,53.713041,Burglary
2014-11,-1.891706,53.71371,Burglary
2014-11,-1.899673,53.720908,Burglary
2014-11,-1.918203,53.707422,Burglary
2014-11,-1.90717,53.709049,Burglary
2014-11,-1.911987,53.709493,Burglary
2014-11,-1.907609,53.709445,Burglary
2014-11,-1.911529,53.703929,Burglary
2014-11,-1.911364,53.710248,Burglary
2014-11,-1.914192,53.712848,Burglary
2014-11,-1.900725,53.712028,Burglary
2014-11,-1.896141,53.70904,Burglary
2014-11,-1.858267,53.718017,Burglary
2014-11,-1.832503,53.711368,Burglary
2014-11,-1.848487,53.707048,Burglary
2014-11,-1.852199,53.698397,Burglary
2014-11,-1.790839,53.714539,Burglary
2014-11,-1.781999,53.709795,Burglary
2014-11,-1.782145,53.713786,Burglary
2014-11,-1.780907,53.710099,Burglary
2014-11,-1.777603,53.698848,Burglary
2014-11,-1.94149,53.704838,Burglary
2014-11,-1.948145,53.713397,Burglary
2014-11,-1.940471,53.708037,Burglary
2014-11,-1.932688,53.705714,Burglary
2014-11,-1.927113,53.705576,Burglary
2014-11,-1.923341,53.705726,Burglary
2014-11,-1.863365,53.702006,Burglary
2014-11,-1.880038,53.70348,Burglary
2014-11,-2.078596,53.720753,Burglary
2014-11,-2.100313,53.695723,Burglary
2014-11,-2.086106,53.673146,Burglary
2014-11,-2.093842,53.714405,Burglary
2014-11,-1.784974,53.687878,Burglary
2014-11,-1.818773,53.687476,Burglary
2014-11,-1.798456,53.693178,Burglary
2014-11,-1.798456,53.693178,Burglary
2014-11,-1.797647,53.691253,Burglary
2014-11,-1.790777,53.699528,Burglary
2014-11,-1.79793,53.68285,Burglary
2014-11,-1.837878,53.684807,Burglary
2014-11,-1.836878,53.684904,Burglary
2014-11,-1.840213,53.683731,Burglary
2014-11,-1.848139,53.681827,Burglary
2014-11,-1.846743,53.682652,Burglary
2014-11,-1.876826,53.656936,Burglary
2014-11,-1.858284,53.685776,Burglary
2014-11,-1.87905,53.67273,Burglary
2014-11,-1.945988,53.681812,Burglary
2014-11,-1.945988,53.681812,Burglary
2014-11,-1.919049,53.676961,Burglary
2014-11,-1.934402,53.675038,Burglary
2014-11,-1.990852,53.662913,Burglary
2014-11,-1.935185,53.697491,Burglary
2014-11,-1.69753,53.761572,Burglary
2014-11,-1.695316,53.759463,Burglary
2014-11,-1.691545,53.756568,Burglary
2014-11,-1.689192,53.756814,Burglary
2014-11,-1.694417,53.757924,Burglary
2014-11,-1.69456,53.740173,Burglary
2014-11,-1.69281,53.751475,Burglary
2014-11,-1.694804,53.750474,Burglary
2014-11,-1.687806,53.747364,Burglary
2014-11,-1.663932,53.732936,Burglary
2014-11,-1.655021,53.73825,Burglary
2014-11,-1.64702,53.74326,Burglary
2014-11,-1.644213,53.734524,Burglary
2014-11,-1.647227,53.733014,Burglary
2014-11,-1.647748,53.73422,Burglary
2014-11,-1.653912,53.731119,Burglary
2014-11,-1.653683,53.733249,Burglary
2014-11,-1.660141,53.740682,Burglary
2014-11,-1.660141,53.740682,Burglary
2014-11,-1.659479,53.738209,Burglary
2014-11,-1.712049,53.736783,Burglary
2014-11,-1.756803,53.733754,Burglary
2014-11,-1.760123,53.733769,Burglary
2014-11,-1.753449,53.734394,Burglary
2014-11,-1.754629,53.732257,Burglary
2014-11,-1.753449,53.734394,Burglary
2014-11,-1.6928,53.736321,Burglary
2014-11,-1.691285,53.736111,Burglary
2014-11,-1.685856,53.736321,Burglary
2014-11,-1.686321,53.735037,Burglary
2014-11,-1.689574,53.735891,Burglary
2014-11,-1.6928,53.736321,Burglary
2014-11,-1.687855,53.738726,Burglary
2014-11,-1.71077,53.730982,Burglary
2014-11,-1.684388,53.725864,Burglary
2014-11,-1.680555,53.727733,Burglary
2014-11,-1.696423,53.732124,Burglary
2014-11,-1.687225,53.725593,Burglary
2014-11,-1.687378,53.725297,Burglary
2014-11,-1.689746,53.731038,Burglary
2014-11,-1.696423,53.732124,Burglary
2014-11,-1.721485,53.724311,Burglary
2014-11,-1.727216,53.728594,Burglary
2014-11,-1.721485,53.724311,Burglary
2014-11,-1.71544,53.72854,Burglary
2014-11,-1.712192,53.726905,Burglary
2014-11,-1.712071,53.724658,Burglary
2014-11,-1.719141,53.725879,Burglary
2014-11,-1.711027,53.722183,Burglary
2014-11,-1.710991,53.720826,Burglary
2014-11,-1.702616,53.71793,Burglary
2014-11,-1.702616,53.71793,Burglary
2014-11,-1.6592,53.725759,Burglary
2014-11,-1.6592,53.725759,Burglary
2014-11,-1.661776,53.723942,Burglary
2014-11,-1.659234,53.725319,Burglary
2014-11,-1.64664,53.719836,Burglary
2014-11,-1.642239,53.720659,Burglary
2014-11,-1.638894,53.720127,Burglary
2014-11,-1.652526,53.719035,Burglary
2014-11,-1.659738,53.713618,Burglary
2014-11,-1.656349,53.71857,Burglary
2014-11,-1.661745,53.714585,Burglary
2014-11,-1.635168,53.726929,Burglary
2014-11,-1.630796,53.7156,Burglary
2014-11,-1.630256,53.71842,Burglary
2014-11,-1.626643,53.714032,Burglary
2014-11,-1.626643,53.714032,Burglary
2014-11,-1.625293,53.714243,Burglary
2014-11,-1.625293,53.714243,Burglary
2014-11,-1.619285,53.715123,Burglary
2014-11,-1.735184,53.719678,Burglary
2014-11,-1.716625,53.71231,Burglary
2014-11,-1.721143,53.71179,Burglary
2014-11,-1.732412,53.712391,Burglary
2014-11,-1.734552,53.71174,Burglary
2014-11,-1.688393,53.713031,Burglary
2014-11,-1.685923,53.72337,Burglary
2014-11,-1.677772,53.717029,Burglary
2014-11,-1.684005,53.724479,Burglary
2014-11,-1.684005,53.724479,Burglary
2014-11,-1.682162,53.715594,Burglary
2014-11,-1.683765,53.710026,Burglary
2014-11,-1.682584,53.713843,Burglary
2014-11,-1.682584,53.713843,Burglary
2014-11,-1.69412,53.71318,Burglary
2014-11,-1.694544,53.715267,Burglary
2014-11,-1.687328,53.711644,Burglary
2014-11,-1.683029,53.707157,Burglary
2014-11,-1.630306,53.712722,Burglary
2014-11,-1.627703,53.712462,Burglary
2014-11,-1.634783,53.715378,Burglary
2014-11,-1.645211,53.718645,Burglary
2014-11,-1.647014,53.713159,Burglary
2014-11,-1.640195,53.716851,Burglary
2014-11,-1.667794,53.708446,Burglary
2014-11,-1.664979,53.709957,Burglary
2014-11,-1.669527,53.705637,Burglary
2014-11,-1.669296,53.715883,Burglary
2014-11,-1.669296,53.715883,Burglary
2014-11,-1.674708,53.71748,Burglary
2014-11,-1.674708,53.71748,Burglary
2014-11,-1.668211,53.717057,Burglary
2014-11,-1.672046,53.71687,Burglary
2014-11,-1.669077,53.707002,Burglary
2014-11,-1.672559,53.709277,Burglary
2014-11,-1.667536,53.706521,Burglary
2014-11,-1.650217,53.708854,Burglary
2014-11,-1.655294,53.706702,Burglary
2014-11,-1.654275,53.707221,Burglary
2014-11,-1.624121,53.704586,Burglary
2014-11,-1.621589,53.70821,Burglary
2014-11,-1.624121,53.704586,Burglary
2014-11,-1.631588,53.701302,Burglary
2014-11,-1.612934,53.700443,Burglary
2014-11,-1.59755,53.709444,Burglary
2014-11,-1.601504,53.703057,Burglary
2014-11,-1.60617,53.703019,Burglary
2014-11,-1.604931,53.702691,Burglary
2014-11,-1.607743,53.70333,Burglary
2014-11,-1.680503,53.702539,Burglary
2014-11,-1.681433,53.703782,Burglary
2014-11,-1.713734,53.700762,Burglary
2014-11,-1.713734,53.700762,Burglary
2014-11,-1.701767,53.698711,Burglary
2014-11,-1.69577,53.698642,Burglary
2014-11,-1.697886,53.699285,Burglary
2014-11,-1.660163,53.700272,Burglary
2014-11,-1.644801,53.704353,Burglary
2014-11,-1.649314,53.704402,Burglary
2014-11,-1.653516,53.698195,Burglary
2014-11,-1.656888,53.696946,Burglary
2014-11,-1.657235,53.695311,Burglary
2014-11,-1.627875,53.692869,Burglary
2014-11,-1.631665,53.692395,Burglary
2014-11,-1.627875,53.692869,Burglary
2014-11,-1.628566,53.690084,Burglary
2014-11,-1.647786,53.70056,Burglary
2014-11,-1.650968,53.698547,Burglary
2014-11,-1.63578,53.694718,Burglary
2014-11,-1.640477,53.694399,Burglary
2014-11,-1.650968,53.698547,Burglary
2014-11,-1.603181,53.689059,Burglary
2014-11,-1.596079,53.69068,Burglary
2014-11,-1.596077,53.689242,Burglary
2014-11,-1.617134,53.688368,Burglary
2014-11,-1.609993,53.692569,Burglary
2014-11,-1.610836,53.693093,Burglary
2014-11,-1.608125,53.693093,Burglary
2014-11,-1.606193,53.689168,Burglary
2014-11,-1.641442,53.689593,Burglary
2014-11,-1.649164,53.682426,Burglary
2014-11,-1.656119,53.690985,Burglary
2014-11,-1.646787,53.682338,Burglary
2014-11,-1.646018,53.68567,Burglary
2014-11,-1.682334,53.676658,Burglary
2014-11,-1.682334,53.676658,Burglary
2014-11,-1.680967,53.675216,Burglary
2014-11,-1.682054,53.675695,Burglary
2014-11,-1.682054,53.675695,Burglary
2014-11,-1.685545,53.678455,Burglary
2014-11,-1.672655,53.689134,Burglary
2014-11,-1.717649,53.686004,Burglary
2014-11,-1.707043,53.684855,Burglary
2014-11,-1.711977,53.680804,Burglary
2014-11,-1.709466,53.680457,Burglary
2014-11,-1.70267,53.682283,Burglary
2014-11,-1.744818,53.680133,Burglary
2014-11,-1.752704,53.680509,Burglary
2014-11,-1.778304,53.674806,Burglary
2014-11,-1.672359,53.678438,Burglary
2014-11,-1.672359,53.678438,Burglary
2014-11,-1.672405,53.676442,Burglary
2014-11,-1.669941,53.67791,Burglary
2014-11,-1.661842,53.681635,Burglary
2014-11,-1.657905,53.679835,Burglary
2014-11,-1.641521,53.671294,Burglary
2014-11,-1.628744,53.685303,Burglary
2014-11,-1.63539,53.681971,Burglary
2014-11,-1.628744,53.685303,Burglary
2014-11,-1.631796,53.672154,Burglary
2014-11,-1.629118,53.670357,Burglary
2014-11,-1.749812,53.670274,Burglary
2014-11,-1.753389,53.672043,Burglary
2014-11,-1.770013,53.66849,Burglary
2014-11,-1.686308,53.67354,Burglary
2014-11,-1.69244,53.679623,Burglary
2014-11,-1.683872,53.673435,Burglary
2014-11,-1.688392,53.672171,Burglary
2014-11,-1.688392,53.672171,Burglary
2014-11,-1.693007,53.672353,Burglary
2014-11,-1.780716,53.670937,Burglary
2014-11,-1.800837,53.663539,Burglary
2014-11,-1.797462,53.660369,Burglary
2014-11,-1.801023,53.662649,Burglary
2014-11,-1.803096,53.662518,Burglary
2014-11,-1.789287,53.673226,Burglary
2014-11,-1.621852,53.660241,Burglary
2014-11,-1.627914,53.666147,Burglary
2014-11,-1.617591,53.659607,Burglary
2014-11,-1.617591,53.659607,Burglary
2014-11,-1.776443,53.663235,Burglary
2014-11,-1.770616,53.654991,Burglary
2014-11,-1.772657,53.64687,Burglary
2014-11,-1.779983,53.646029,Burglary
2014-11,-1.783523,53.645973,Burglary
2014-11,-1.821777,53.657424,Burglary
2014-11,-1.832955,53.669862,Burglary
2014-11,-1.84469,53.660224,Burglary
2014-11,-1.789944,53.656851,Burglary
2014-11,-1.788521,53.656894,Burglary
2014-11,-1.78949,53.659807,Burglary
2014-11,-1.789646,53.655898,Burglary
2014-11,-1.792827,53.658222,Burglary
2014-11,-1.782313,53.6577,Burglary
2014-11,-1.785028,53.659494,Burglary
2014-11,-1.785028,53.659494,Burglary
2014-11,-1.780632,53.657985,Burglary
2014-11,-1.72928,53.645494,Burglary
2014-11,-1.818293,53.651253,Burglary
2014-11,-1.820585,53.649522,Burglary
2014-11,-1.811047,53.650963,Burglary
2014-11,-1.8052,53.649372,Burglary
2014-11,-1.808273,53.648864,Burglary
2014-11,-1.808273,53.648864,Burglary
2014-11,-1.788431,53.647582,Burglary
2014-11,-1.784878,53.653247,Burglary
2014-11,-1.790188,53.650191,Burglary
2014-11,-1.784878,53.653247,Burglary
2014-11,-1.788431,53.647582,Burglary
2014-11,-1.806643,53.657904,Burglary
2014-11,-1.797978,53.65051,Burglary
2014-11,-1.804351,53.653046,Burglary
2014-11,-1.807489,53.651631,Burglary
2014-11,-1.80537,53.651907,Burglary
2014-11,-1.808882,53.654815,Burglary
2014-11,-1.759704,53.650278,Burglary
2014-11,-1.759704,53.650278,Burglary
2014-11,-1.765208,53.650747,Burglary
2014-11,-1.765208,53.650747,Burglary
2014-11,-1.856235,53.660751,Burglary
2014-11,-1.74112,53.656207,Burglary
2014-11,-1.735332,53.647773,Burglary
2014-11,-1.732482,53.651155,Burglary
2014-11,-1.735332,53.647773,Burglary
2014-11,-1.751463,53.646872,Burglary
2014-11,-1.751463,53.646872,Burglary
2014-11,-1.836087,53.642946,Burglary
2014-11,-1.833837,53.645793,Burglary
2014-11,-1.834599,53.655959,Burglary
2014-11,-1.822317,53.644095,Burglary
2014-11,-1.79129,53.647659,Burglary
2014-11,-1.811304,53.644204,Burglary
2014-11,-1.812594,53.643271,Burglary
2014-11,-1.812594,53.643271,Burglary
2014-11,-1.740291,53.638382,Burglary
2014-11,-1.740291,53.638382,Burglary
2014-11,-1.740291,53.638382,Burglary
2014-11,-1.753978,53.64366,Burglary
2014-11,-1.734108,53.642701,Burglary
2014-11,-1.845989,53.640146,Burglary
2014-11,-1.844417,53.639893,Burglary
2014-11,-1.841617,53.640464,Burglary
2014-11,-1.841617,53.640464,Burglary
2014-11,-1.843206,53.640241,Burglary
2014-11,-1.841029,53.644086,Burglary
2014-11,-1.841839,53.641696,Burglary
2014-11,-1.784296,53.639736,Burglary
2014-11,-1.790819,53.635937,Burglary
2014-11,-1.7911,53.637223,Burglary
2014-11,-1.784014,53.644572,Burglary
2014-11,-1.804243,53.6372,Burglary
2014-11,-1.808608,53.638465,Burglary
2014-11,-1.79699,53.632631,Burglary
2014-11,-1.798917,53.634405,Burglary
2014-11,-1.797564,53.63265,Burglary
2014-11,-1.796441,53.633538,Burglary
2014-11,-1.794811,53.636097,Burglary
2014-11,-1.793731,53.634243,Burglary
2014-11,-1.735986,53.639883,Burglary
2014-11,-1.744354,53.636737,Burglary
2014-11,-1.840922,53.632104,Burglary
2014-11,-1.843548,53.629375,Burglary
2014-11,-1.827833,53.637847,Burglary
2014-11,-1.826402,53.640128,Burglary
2014-11,-1.830653,53.636234,Burglary
2014-11,-1.830653,53.636234,Burglary
2014-11,-1.83005,53.635837,Burglary
2014-11,-1.83826,53.632226,Burglary
2014-11,-1.836074,53.634506,Burglary
2014-11,-1.709026,53.629942,Burglary
2014-11,-1.70092,53.632214,Burglary
2014-11,-1.819868,53.633117,Burglary
2014-11,-1.809082,53.637181,Burglary
2014-11,-1.81084,53.636384,Burglary
2014-11,-1.812448,53.638642,Burglary
2014-11,-1.810789,53.637597,Burglary
2014-11,-1.803173,53.633046,Burglary
2014-11,-1.804723,53.631386,Burglary
2014-11,-1.784785,53.635756,Burglary
2014-11,-1.791031,53.617422,Burglary
2014-11,-1.79477,53.622578,Burglary
2014-11,-1.880462,53.623117,Burglary
2014-11,-1.878036,53.620409,Burglary
2014-11,-1.809214,53.61463,Burglary
2014-11,-1.810382,53.620591,Burglary
2014-11,-1.808228,53.612165,Burglary
2014-11,-1.800983,53.619578,Burglary
2014-11,-1.709836,53.619949,Burglary
2014-11,-1.72761,53.611209,Burglary
2014-11,-1.756084,53.608916,Burglary
2014-11,-1.891997,53.617483,Burglary
2014-11,-1.925455,53.597753,Burglary
2014-11,-1.780927,53.606896,Burglary
2014-11,-1.797667,53.604841,Burglary
2014-11,-1.790837,53.604766,Burglary
2014-11,-1.795361,53.60347,Burglary
2014-11,-1.795144,53.604612,Burglary
2014-11,-1.804925,53.603918,Burglary
2014-11,-1.766279,53.593683,Burglary
2014-11,-1.768241,53.591413,Burglary
2014-11,-1.650912,53.588063,Burglary
2014-11,-1.644557,53.587523,Burglary
2014-11,-1.62848,53.617226,Burglary
2014-11,-1.62848,53.617226,Burglary
2014-11,-1.63098,53.613099,Burglary
2014-11,-1.855081,53.590992,Burglary
2014-11,-1.824604,53.58501,Burglary
2014-11,-1.839669,53.59161,Burglary
2014-11,-1.839669,53.59161,Burglary
2014-11,-1.839669,53.59161,Burglary
2014-11,-1.855781,53.594022,Burglary
2014-11,-1.859834,53.597244,Burglary
2014-11,-1.853259,53.589156,Burglary
2014-11,-1.85744,53.594824,Burglary
2014-11,-1.856642,53.593906,Burglary
2014-11,-1.723034,53.605959,Burglary
2014-11,-1.60577,53.593307,Burglary
2014-11,-1.611621,53.592895,Burglary
2014-11,-1.651831,53.577289,Burglary
2014-11,-1.804983,53.56499,Burglary
2014-11,-1.798365,53.566048,Burglary
2014-11,-1.805905,53.564766,Burglary
2014-11,-1.799991,53.56704,Burglary
2014-11,-1.76546,53.56153,Burglary
2014-11,-1.790532,53.568614,Burglary
2014-11,-1.777907,53.565976,Burglary
2014-11,-1.80117,53.557101,Burglary
2014-11,-1.764265,53.570112,Burglary
2014-11,-1.756833,53.575858,Burglary
2014-11,-1.777032,53.577417,Burglary
2014-11,-1.761265,53.579957,Burglary
2014-11,-1.761265,53.579957,Burglary
2014-11,-1.389025,53.934028,Burglary
2014-11,-1.398603,53.939532,Burglary
2014-11,-1.386884,53.93151,Burglary
2014-11,-1.39127,53.930462,Burglary
2014-11,-1.389576,53.932791,Burglary
2014-11,-1.39735,53.929217,Burglary
2014-11,-1.399632,53.93152,Burglary
2014-11,-1.404378,53.930825,Burglary
2014-11,-1.402674,53.931814,Burglary
2014-11,-1.320232,53.910173,Burglary
2014-11,-1.321719,53.917983,Burglary
2014-11,-1.383216,53.936515,Burglary
2014-11,-1.379271,53.938535,Burglary
2014-11,-1.379603,53.93673,Burglary
2014-11,-1.383248,53.930206,Burglary
2014-11,-1.686118,53.906734,Burglary
2014-11,-1.684082,53.900185,Burglary
2014-11,-1.700459,53.902016,Burglary
2014-11,-1.700459,53.902016,Burglary
2014-11,-1.700459,53.902016,Burglary
2014-11,-1.707346,53.900945,Burglary
2014-11,-1.699725,53.902544,Burglary
2014-11,-1.681259,53.907072,Burglary
2014-11,-1.680151,53.906754,Burglary
2014-11,-1.685453,53.90604,Burglary
2014-11,-1.681259,53.907072,Burglary
2014-11,-1.681259,53.907072,Burglary
2014-11,-1.686198,53.902087,Burglary
2014-11,-1.715581,53.900785,Burglary
2014-11,-1.360826,53.906468,Burglary
2014-11,-1.341528,53.90338,Burglary
2014-11,-1.525611,53.907888,Burglary
2014-11,-1.478305,53.864828,Burglary
2014-11,-1.406835,53.907891,Burglary
2014-11,-1.408614,53.908061,Burglary
2014-11,-1.45184,53.897912,Burglary
2014-11,-1.454131,53.896143,Burglary
2014-11,-1.454131,53.896143,Burglary
2014-11,-1.450798,53.89495,Burglary
2014-11,-1.454118,53.893608,Burglary
2014-11,-1.451914,53.892232,Burglary
2014-11,-1.626632,53.898322,Burglary
2014-11,-1.626632,53.898322,Burglary
2014-11,-1.642662,53.904869,Burglary
2014-11,-1.644657,53.893883,Burglary
2014-11,-1.642662,53.904869,Burglary
2014-11,-1.615767,53.884923,Burglary
2014-11,-1.606979,53.898924,Burglary
2014-11,-1.615767,53.884923,Burglary
2014-11,-1.619719,53.883587,Burglary
2014-11,-1.621871,53.882848,Burglary
2014-11,-1.621871,53.882848,Burglary
2014-11,-1.622661,53.882985,Burglary
2014-11,-1.622661,53.882985,Burglary
2014-11,-1.613166,53.881598,Burglary
2014-11,-1.607817,53.879297,Burglary
2014-11,-1.727005,53.873489,Burglary
2014-11,-1.704425,53.879161,Burglary
2014-11,-1.728317,53.882237,Burglary
2014-11,-1.728317,53.882237,Burglary
2014-11,-1.717456,53.882185,Burglary
2014-11,-1.707077,53.871977,Burglary
2014-11,-1.707077,53.871977,Burglary
2014-11,-1.715981,53.873113,Burglary
2014-11,-1.714919,53.870459,Burglary
2014-11,-1.711338,53.873722,Burglary
2014-11,-1.695846,53.87283,Burglary
2014-11,-1.703816,53.872805,Burglary
2014-11,-1.711789,53.86789,Burglary
2014-11,-1.691459,53.871749,Burglary
2014-11,-1.691421,53.870787,Burglary
2014-11,-1.687234,53.865231,Burglary
2014-11,-1.684955,53.869036,Burglary
2014-11,-1.680663,53.869465,Burglary
2014-11,-1.679999,53.870802,Burglary
2014-11,-1.680663,53.869465,Burglary
2014-11,-1.565602,53.854723,Burglary
2014-11,-1.560768,53.851748,Burglary
2014-11,-1.503691,53.856586,Burglary
2014-11,-1.55629,53.859785,Burglary
2014-11,-1.557252,53.86084,Burglary
2014-11,-1.55607,53.853268,Burglary
2014-11,-1.559057,53.852533,Burglary
2014-11,-1.610754,53.857898,Burglary
2014-11,-1.610754,53.857898,Burglary
2014-11,-1.689908,53.859423,Burglary
2014-11,-1.686142,53.85464,Burglary
2014-11,-1.686142,53.85464,Burglary
2014-11,-1.679846,53.852961,Burglary
2014-11,-1.505988,53.855194,Burglary
2014-11,-1.507821,53.856981,Burglary
2014-11,-1.515496,53.853318,Burglary
2014-11,-1.596104,53.857292,Burglary
2014-11,-1.575359,53.84746,Burglary
2014-11,-1.60892,53.8524,Burglary
2014-11,-1.614371,53.851483,Burglary
2014-11,-1.626617,53.847037,Burglary
2014-11,-1.625454,53.846134,Burglary
2014-11,-1.621053,53.847127,Burglary
2014-11,-1.545738,53.852825,Burglary
2014-11,-1.541998,53.85006,Burglary
2014-11,-1.553915,53.848613,Burglary
2014-11,-1.556158,53.846393,Burglary
2014-11,-1.556158,53.846393,Burglary
2014-11,-1.558263,53.850032,Burglary
2014-11,-1.55999,53.847701,Burglary
2014-11,-1.556158,53.846393,Burglary
2014-11,-1.557529,53.846146,Burglary
2014-11,-1.60193,53.847263,Burglary
2014-11,-1.61323,53.849943,Burglary
2014-11,-1.615746,53.849007,Burglary
2014-11,-1.601425,53.844511,Burglary
2014-11,-1.598672,53.841518,Burglary
2014-11,-1.6023,53.845152,Burglary
2014-11,-1.508155,53.847994,Burglary
2014-11,-1.501964,53.841947,Burglary
2014-11,-1.501137,53.855227,Burglary
2014-11,-1.509145,53.843909,Burglary
2014-11,-1.507373,53.844692,Burglary
2014-11,-1.509116,53.837266,Burglary
2014-11,-1.649265,53.841497,Burglary
2014-11,-1.651129,53.84756,Burglary
2014-11,-1.637698,53.845201,Burglary
2014-11,-1.637698,53.845201,Burglary
2014-11,-1.639951,53.844768,Burglary
2014-11,-1.641724,53.836459,Burglary
2014-11,-1.634425,53.844095,Burglary
2014-11,-1.63609,53.843057,Burglary
2014-11,-1.474035,53.85371,Burglary
2014-11,-1.467713,53.852307,Burglary
2014-11,-1.464312,53.855599,Burglary
2014-11,-1.430984,53.826648,Burglary
2014-11,-1.520659,53.84578,Burglary
2014-11,-1.530059,53.8425,Burglary
2014-11,-1.539086,53.839776,Burglary
2014-11,-1.521449,53.83515,Burglary
2014-11,-1.51796,53.835981,Burglary
2014-11,-1.524935,53.834571,Burglary
2014-11,-1.522774,53.834868,Burglary
2014-11,-1.516125,53.843524,Burglary
2014-11,-1.51579,53.843603,Burglary
2014-11,-1.514787,53.843599,Burglary
2014-11,-1.517681,53.841714,Burglary
2014-11,-1.514787,53.843599,Burglary
2014-11,-1.513237,53.846199,Burglary
2014-11,-1.517944,53.834669,Burglary
2014-11,-1.515768,53.838965,Burglary
2014-11,-1.515768,53.838965,Burglary
2014-11,-1.513919,53.839803,Burglary
2014-11,-1.549526,53.839771,Burglary
2014-11,-1.545648,53.837222,Burglary
2014-11,-1.546911,53.83142,Burglary
2014-11,-1.548518,53.830392,Burglary
2014-11,-1.539407,53.846473,Burglary
2014-11,-1.539743,53.843554,Burglary
2014-11,-1.535988,53.840906,Burglary
2014-11,-1.648831,53.831582,Burglary
2014-11,-1.643036,53.830495,Burglary
2014-11,-1.646954,53.832574,Burglary
2014-11,-1.643036,53.830495,Burglary
2014-11,-1.646954,53.832574,Burglary
2014-11,-1.640612,53.831467,Burglary
2014-11,-1.640157,53.831412,Burglary
2014-11,-1.656998,53.838113,Burglary
2014-11,-1.636825,53.833604,Burglary
2014-11,-1.626403,53.831784,Burglary
2014-11,-1.632705,53.832163,Burglary
2014-11,-1.632091,53.839773,Burglary
2014-11,-1.6358,53.839713,Burglary
2014-11,-1.626347,53.83981,Burglary
2014-11,-1.629854,53.836693,Burglary
2014-11,-1.633022,53.83761,Burglary
2014-11,-1.635134,53.835882,Burglary
2014-11,-1.633022,53.83761,Burglary
2014-11,-1.633022,53.83761,Burglary
2014-11,-1.635237,53.838057,Burglary
2014-11,-1.625006,53.836741,Burglary
2014-11,-1.621325,53.835498,Burglary
2014-11,-1.623697,53.831883,Burglary
2014-11,-1.452692,53.832636,Burglary
2014-11,-1.466686,53.837454,Burglary
2014-11,-1.456641,53.835144,Burglary
2014-11,-1.455389,53.826249,Burglary
2014-11,-1.454353,53.824069,Burglary
2014-11,-1.452266,53.826882,Burglary
2014-11,-1.452266,53.826882,Burglary
2014-11,-1.451632,53.824201,Burglary
2014-11,-1.395946,53.830144,Burglary
2014-11,-1.341602,53.832815,Burglary
2014-11,-1.395618,53.832893,Burglary
2014-11,-1.428732,53.857089,Burglary
2014-11,-1.426224,53.859252,Burglary
2014-11,-1.562718,53.838247,Burglary
2014-11,-1.560168,53.832125,Burglary
2014-11,-1.558209,53.830572,Burglary
2014-11,-1.56985,53.831855,Burglary
2014-11,-1.56985,53.831855,Burglary
2014-11,-1.564689,53.825437,Burglary
2014-11,-1.564689,53.825437,Burglary
2014-11,-1.564689,53.825437,Burglary
2014-11,-1.56196,53.826353,Burglary
2014-11,-1.563527,53.830619,Burglary
2014-11,-1.564689,53.825437,Burglary
2014-11,-1.527765,53.832892,Burglary
2014-11,-1.515024,53.833614,Burglary
2014-11,-1.518596,53.832155,Burglary
2014-11,-1.508254,53.829138,Burglary
2014-11,-1.517786,53.829922,Burglary
2014-11,-1.515677,53.825699,Burglary
2014-11,-1.514722,53.824248,Burglary
2014-11,-1.506899,53.826822,Burglary
2014-11,-1.503806,53.826225,Burglary
2014-11,-1.508707,53.825455,Burglary
2014-11,-1.60631,53.830812,Burglary
2014-11,-1.60355,53.825401,Burglary
2014-11,-1.60355,53.825401,Burglary
2014-11,-1.603782,53.828269,Burglary
2014-11,-1.605658,53.833937,Burglary
2014-11,-1.606765,53.834121,Burglary
2014-11,-1.619485,53.828931,Burglary
2014-11,-1.545114,53.830434,Burglary
2014-11,-1.542197,53.826189,Burglary
2014-11,-1.534328,53.828936,Burglary
2014-11,-1.532356,53.831382,Burglary
2014-11,-1.530072,53.829063,Burglary
2014-11,-1.539926,53.826882,Burglary
2014-11,-1.538514,53.825384,Burglary
2014-11,-1.538514,53.825384,Burglary
2014-11,-1.539926,53.826882,Burglary
2014-11,-1.531025,53.82673,Burglary
2014-11,-1.470871,53.833356,Burglary
2014-11,-1.472859,53.831136,Burglary
2014-11,-1.469532,53.834725,Burglary
2014-11,-1.474544,53.832509,Burglary
2014-11,-1.46765,53.821334,Burglary
2014-11,-1.462777,53.823496,Burglary
2014-11,-1.459583,53.824983,Burglary
2014-11,-1.462777,53.823496,Burglary
2014-11,-1.49353,53.825463,Burglary
2014-11,-1.492079,53.826131,Burglary
2014-11,-1.501399,53.824211,Burglary
2014-11,-1.492079,53.826131,Burglary
2014-11,-1.491251,53.825517,Burglary
2014-11,-1.501399,53.824211,Burglary
2014-11,-1.485219,53.828088,Burglary
2014-11,-1.485219,53.828088,Burglary
2014-11,-1.502024,53.822776,Burglary
2014-11,-1.488257,53.825576,Burglary
2014-11,-1.502024,53.822776,Burglary
2014-11,-1.5052,53.821369,Burglary
2014-11,-1.491118,53.823988,Burglary
2014-11,-1.509872,53.820687,Burglary
2014-11,-1.511505,53.818698,Burglary
2014-11,-1.508502,53.818308,Burglary
2014-11,-1.511561,53.821763,Burglary
2014-11,-1.509566,53.820874,Burglary
2014-11,-1.498904,53.820713,Burglary
2014-11,-1.499377,53.823097,Burglary
2014-11,-1.508368,53.820698,Burglary
2014-11,-1.508368,53.820698,Burglary
2014-11,-1.50127,53.821011,Burglary
2014-11,-1.555754,53.82713,Burglary
2014-11,-1.556978,53.82629,Burglary
2014-11,-1.555226,53.826759,Burglary
2014-11,-1.545994,53.824918,Burglary
2014-11,-1.551383,53.825253,Burglary
2014-11,-1.545994,53.824918,Burglary
2014-11,-1.545994,53.824918,Burglary
2014-11,-1.545994,53.824918,Burglary
2014-11,-1.53913,53.814987,Burglary
2014-11,-1.559939,53.824961,Burglary
2014-11,-1.689801,53.82658,Burglary
2014-11,-1.670325,53.824605,Burglary
2014-11,-1.69217,53.826694,Burglary
2014-11,-1.669851,53.811364,Burglary
2014-11,-1.674937,53.815558,Burglary
2014-11,-1.674291,53.812644,Burglary
2014-11,-1.664646,53.818477,Burglary
2014-11,-1.493411,53.818973,Burglary
2014-11,-1.491804,53.818733,Burglary
2014-11,-1.496011,53.820036,Burglary
2014-11,-1.488521,53.82138,Burglary
2014-11,-1.495413,53.819234,Burglary
2014-11,-1.489346,53.81848,Burglary
2014-11,-1.488436,53.820894,Burglary
2014-11,-1.481709,53.819463,Burglary
2014-11,-1.482401,53.818765,Burglary
2014-11,-1.481709,53.819463,Burglary
2014-11,-1.486488,53.8212,Burglary
2014-11,-1.486538,53.818351,Burglary
2014-11,-1.477232,53.825304,Burglary
2014-11,-1.473165,53.821304,Burglary
2014-11,-1.476101,53.823339,Burglary
2014-11,-1.478276,53.813363,Burglary
2014-11,-1.478276,53.813363,Burglary
2014-11,-1.449596,53.824254,Burglary
2014-11,-1.448208,53.822387,Burglary
2014-11,-1.441258,53.816127,Burglary
2014-11,-1.437731,53.817503,Burglary
2014-11,-1.441845,53.817657,Burglary
2014-11,-1.44423,53.821102,Burglary
2014-11,-1.449554,53.815859,Burglary
2014-11,-1.450359,53.819332,Burglary
2014-11,-1.452025,53.817372,Burglary
2014-11,-1.453931,53.81916,Burglary
2014-11,-1.527235,53.82197,Burglary
2014-11,-1.540662,53.82071,Burglary
2014-11,-1.517771,53.820692,Burglary
2014-11,-1.527114,53.812451,Burglary
2014-11,-1.524953,53.815588,Burglary
2014-11,-1.581259,53.821316,Burglary
2014-11,-1.581259,53.821316,Burglary
2014-11,-1.57729,53.820242,Burglary
2014-11,-1.576248,53.818126,Burglary
2014-11,-1.579381,53.823853,Burglary
2014-11,-1.579181,53.816519,Burglary
2014-11,-1.579181,53.816519,Burglary
2014-11,-1.579181,53.816519,Burglary
2014-11,-1.579181,53.816519,Burglary
2014-11,-1.579181,53.816519,Burglary
2014-11,-1.586918,53.818927,Burglary
2014-11,-1.585605,53.818132,Burglary
2014-11,-1.584278,53.815548,Burglary
2014-11,-1.586918,53.818927,Burglary
2014-11,-1.585057,53.816692,Burglary
2014-11,-1.585605,53.818132,Burglary
2014-11,-1.585605,53.818132,Burglary
2014-11,-1.585347,53.821178,Burglary
2014-11,-1.589622,53.817319,Burglary
2014-11,-1.586574,53.815322,Burglary
2014-11,-1.586574,53.815322,Burglary
2014-11,-1.586574,53.815322,Burglary
2014-11,-1.591246,53.811275,Burglary
2014-11,-1.586574,53.815322,Burglary
2014-11,-1.602366,53.823734,Burglary
2014-11,-1.602366,53.823734,Burglary
2014-11,-1.60354,53.82168,Burglary
2014-11,-1.602666,53.819313,Burglary
2014-11,-1.595019,53.821534,Burglary
2014-11,-1.597495,53.823197,Burglary
2014-11,-1.590974,53.818923,Burglary
2014-11,-1.597495,53.823197,Burglary
2014-11,-1.614815,53.816279,Burglary
2014-11,-1.613703,53.816689,Burglary
2014-11,-1.611112,53.814298,Burglary
2014-11,-1.614967,53.814607,Burglary
2014-11,-1.497713,53.81874,Burglary
2014-11,-1.493031,53.817723,Burglary
2014-11,-1.497713,53.81874,Burglary
2014-11,-1.503114,53.817971,Burglary
2014-11,-1.50163,53.817624,Burglary
2014-11,-1.50163,53.817624,Burglary
2014-11,-1.506665,53.813061,Burglary
2014-11,-1.516579,53.819923,Burglary
2014-11,-1.515907,53.818949,Burglary
2014-11,-1.522166,53.81751,Burglary
2014-11,-1.516129,53.814214,Burglary
2014-11,-1.515987,53.81726,Burglary
2014-11,-1.524517,53.812423,Burglary
2014-11,-1.524233,53.813437,Burglary
2014-11,-1.470898,53.811902,Burglary
2014-11,-1.465181,53.81007,Burglary
2014-11,-1.454065,53.812339,Burglary
2014-11,-1.453925,53.816131,Burglary
2014-11,-1.467565,53.810035,Burglary
2014-11,-1.464311,53.812753,Burglary
2014-11,-1.636646,53.819268,Burglary
2014-11,-1.64659,53.812655,Burglary
2014-11,-1.652598,53.818803,Burglary
2014-11,-1.655177,53.815521,Burglary
2014-11,-1.656075,53.81342,Burglary
2014-11,-1.663973,53.822925,Burglary
2014-11,-1.512774,53.814092,Burglary
2014-11,-1.512774,53.814092,Burglary
2014-11,-1.512774,53.814092,Burglary
2014-11,-1.508524,53.81128,Burglary
2014-11,-1.509067,53.811534,Burglary
2014-11,-1.511982,53.812921,Burglary
2014-11,-1.509821,53.812013,Burglary
2014-11,-1.509063,53.809331,Burglary
2014-11,-1.508537,53.81012,Burglary
2014-11,-1.50739,53.81079,Burglary
2014-11,-1.515577,53.812,Burglary
2014-11,-1.569465,53.81306,Burglary
2014-11,-1.570896,53.81124,Burglary
2014-11,-1.569364,53.813967,Burglary
2014-11,-1.569465,53.81306,Burglary
2014-11,-1.569364,53.813967,Burglary
2014-11,-1.569465,53.81306,Burglary
2014-11,-1.569465,53.81306,Burglary
2014-11,-1.570896,53.81124,Burglary
2014-11,-1.569465,53.81306,Burglary
2014-11,-1.569465,53.81306,Burglary
2014-11,-1.573712,53.813542,Burglary
2014-11,-1.574704,53.811595,Burglary
2014-11,-1.574704,53.811595,Burglary
2014-11,-1.573712,53.813542,Burglary
2014-11,-1.573712,53.813542,Burglary
2014-11,-1.574704,53.811595,Burglary
2014-11,-1.574405,53.811181,Burglary
2014-11,-1.574029,53.809328,Burglary
2014-11,-1.574184,53.808942,Burglary
2014-11,-1.572012,53.812035,Burglary
2014-11,-1.572036,53.80817,Burglary
2014-11,-1.574184,53.808942,Burglary
2014-11,-1.572036,53.80817,Burglary
2014-11,-1.572036,53.80817,Burglary
2014-11,-1.567547,53.810518,Burglary
2014-11,-1.567392,53.810787,Burglary
2014-11,-1.567547,53.810518,Burglary
2014-11,-1.572108,53.810013,Burglary
2014-11,-1.572605,53.808954,Burglary
2014-11,-1.57189,53.809042,Burglary
2014-11,-1.552182,53.813023,Burglary
2014-11,-1.552182,53.813023,Burglary
2014-11,-1.550934,53.811886,Burglary
2014-11,-1.548839,53.808912,Burglary
2014-11,-1.543797,53.807572,Burglary
2014-11,-1.547669,53.806194,Burglary
2014-11,-1.549567,53.808996,Burglary
2014-11,-1.543137,53.808262,Burglary
2014-11,-1.550225,53.80854,Burglary
2014-11,-1.581093,53.810566,Burglary
2014-11,-1.588454,53.814115,Burglary
2014-11,-1.581661,53.811458,Burglary
2014-11,-1.579648,53.812296,Burglary
2014-11,-1.581661,53.811458,Burglary
2014-11,-1.581661,53.811458,Burglary
2014-11,-1.584378,53.813139,Burglary
2014-11,-1.581661,53.811458,Burglary
2014-11,-1.581661,53.811458,Burglary
2014-11,-1.581661,53.811458,Burglary
2014-11,-1.581661,53.811458,Burglary
2014-11,-1.579648,53.812296,Burglary
2014-11,-1.57807,53.81061,Burglary
2014-11,-1.573432,53.806782,Burglary
2014-11,-1.573432,53.806782,Burglary
2014-11,-1.575034,53.807543,Burglary
2014-11,-1.573432,53.806782,Burglary
2014-11,-1.580706,53.803644,Burglary
2014-11,-1.570107,53.806716,Burglary
2014-11,-1.436765,53.815908,Burglary
2014-11,-1.441779,53.814583,Burglary
2014-11,-1.439581,53.8154,Burglary
2014-11,-1.448335,53.808097,Burglary
2014-11,-1.432644,53.810657,Burglary
2014-11,-1.43456,53.811547,Burglary
2014-11,-1.62698,53.806098,Burglary
2014-11,-1.627159,53.811644,Burglary
2014-11,-1.62877,53.806346,Burglary
2014-11,-1.627159,53.811644,Burglary
2014-11,-1.624574,53.808643,Burglary
2014-11,-1.645725,53.80531,Burglary
2014-11,-1.612643,53.813018,Burglary
2014-11,-1.607183,53.8138,Burglary
2014-11,-1.611381,53.808223,Burglary
2014-11,-1.607844,53.809695,Burglary
2014-11,-1.607596,53.805362,Burglary
2014-11,-1.622314,53.806595,Burglary
2014-11,-1.615632,53.805001,Burglary
2014-11,-1.61729,53.806391,Burglary
2014-11,-1.622314,53.806595,Burglary
2014-11,-1.492891,53.814271,Burglary
2014-11,-1.490421,53.81257,Burglary
2014-11,-1.493795,53.812333,Burglary
2014-11,-1.491953,53.813943,Burglary
2014-11,-1.495252,53.802255,Burglary
2014-11,-1.499184,53.802298,Burglary
2014-11,-1.502933,53.805037,Burglary
2014-11,-1.501831,53.80576,Burglary
2014-11,-1.50342,53.80618,Burglary
2014-11,-1.501419,53.805938,Burglary
2014-11,-1.483791,53.802062,Burglary
2014-11,-1.482752,53.800152,Burglary
2014-11,-1.47092,53.806581,Burglary
2014-11,-1.474651,53.81057,Burglary
2014-11,-1.478612,53.812016,Burglary
2014-11,-1.473322,53.809953,Burglary
2014-11,-1.452427,53.807513,Burglary
2014-11,-1.45803,53.809912,Burglary
2014-11,-1.46013,53.810739,Burglary
2014-11,-1.674115,53.807889,Burglary
2014-11,-1.559941,53.803012,Burglary
2014-11,-1.559941,53.803012,Burglary
2014-11,-1.559941,53.803012,Burglary
2014-11,-1.566766,53.808241,Burglary
2014-11,-1.566766,53.808241,Burglary
2014-11,-1.566766,53.808241,Burglary
2014-11,-1.563789,53.808231,Burglary
2014-11,-1.563432,53.806054,Burglary
2014-11,-1.564897,53.808307,Burglary
2014-11,-1.563789,53.808231,Burglary
2014-11,-1.563432,53.806054,Burglary
2014-11,-1.563789,53.808231,Burglary
2014-11,-1.518547,53.798018,Burglary
2014-11,-1.525938,53.808968,Burglary
2014-11,-1.524824,53.809503,Burglary
2014-11,-1.525991,53.808312,Burglary
2014-11,-1.527986,53.809192,Burglary
2014-11,-1.517182,53.809814,Burglary
2014-11,-1.517182,53.809814,Burglary
2014-11,-1.53311,53.800439,Burglary
2014-11,-1.52931,53.799472,Burglary
2014-11,-1.53311,53.800439,Burglary
2014-11,-1.529509,53.80198,Burglary
2014-11,-1.523834,53.804394,Burglary
2014-11,-1.507013,53.806681,Burglary
2014-11,-1.511055,53.807803,Burglary
2014-11,-1.503991,53.806713,Burglary
2014-11,-1.509258,53.80695,Burglary
2014-11,-1.508721,53.804818,Burglary
2014-11,-1.502647,53.803499,Burglary
2014-11,-1.506213,53.801159,Burglary
2014-11,-1.512896,53.798274,Burglary
2014-11,-1.519902,53.801682,Burglary
2014-11,-1.519373,53.80141,Burglary
2014-11,-1.688811,53.806301,Burglary
2014-11,-1.693022,53.807813,Burglary
2014-11,-1.7054,53.79882,Burglary
2014-11,-1.689743,53.803553,Burglary
2014-11,-1.691219,53.803143,Burglary
2014-11,-1.685493,53.799237,Burglary
2014-11,-1.62095,53.80127,Burglary
2014-11,-1.620426,53.802176,Burglary
2014-11,-1.620426,53.802176,Burglary
2014-11,-1.613818,53.799144,Burglary
2014-11,-1.62491,53.803278,Burglary
2014-11,-1.616543,53.800052,Burglary
2014-11,-1.594765,53.795954,Burglary
2014-11,-1.597278,53.793517,Burglary
2014-11,-1.602774,53.798299,Burglary
2014-11,-1.602409,53.798316,Burglary
2014-11,-1.601175,53.800352,Burglary
2014-11,-1.641113,53.80126,Burglary
2014-11,-1.650612,53.794583,Burglary
2014-11,-1.651748,53.794928,Burglary
2014-11,-1.45792,53.803107,Burglary
2014-11,-1.456816,53.801628,Burglary
2014-11,-1.45792,53.803107,Burglary
2014-11,-1.467011,53.792713,Burglary
2014-11,-1.467151,53.799571,Burglary
2014-11,-1.500244,53.794869,Burglary
2014-11,-1.49479,53.80032,Burglary
2014-11,-1.498422,53.800021,Burglary
2014-11,-1.511511,53.797262,Burglary
2014-11,-1.523107,53.786855,Burglary
2014-11,-1.493591,53.790212,Burglary
2014-11,-1.498131,53.786268,Burglary
2014-11,-1.501781,53.797132,Burglary
2014-11,-1.497903,53.796423,Burglary
2014-11,-1.497102,53.791045,Burglary
2014-11,-1.58803,53.800047,Burglary
2014-11,-1.578985,53.798119,Burglary
2014-11,-1.587905,53.801934,Burglary
2014-11,-1.592262,53.803576,Burglary
2014-11,-1.591335,53.794288,Burglary
2014-11,-1.587107,53.793492,Burglary
2014-11,-1.591208,53.796436,Burglary
2014-11,-1.590489,53.795445,Burglary
2014-11,-1.591335,53.794288,Burglary
2014-11,-1.583554,53.798171,Burglary
2014-11,-1.576313,53.798164,Burglary
2014-11,-1.574452,53.797501,Burglary
2014-11,-1.581652,53.795594,Burglary
2014-11,-1.576313,53.798164,Burglary
2014-11,-1.574452,53.797501,Burglary
2014-11,-1.578449,53.797075,Burglary
2014-11,-1.576313,53.798164,Burglary
2014-11,-1.570231,53.793109,Burglary
2014-11,-1.568802,53.7903,Burglary
2014-11,-1.570231,53.793109,Burglary
2014-11,-1.573154,53.793776,Burglary
2014-11,-1.575705,53.793722,Burglary
2014-11,-1.568362,53.796221,Burglary
2014-11,-1.5732,53.795232,Burglary
2014-11,-1.571698,53.792153,Burglary
2014-11,-1.475504,53.795752,Burglary
2014-11,-1.475504,53.795752,Burglary
2014-11,-1.481319,53.798115,Burglary
2014-11,-1.477833,53.797668,Burglary
2014-11,-1.488359,53.797291,Burglary
2014-11,-1.435979,53.792967,Burglary
2014-11,-1.435979,53.792967,Burglary
2014-11,-1.435979,53.792967,Burglary
2014-11,-1.389992,53.792328,Burglary
2014-11,-1.377946,53.799061,Burglary
2014-11,-1.375926,53.791968,Burglary
2014-11,-1.517855,53.797413,Burglary
2014-11,-1.517855,53.797413,Burglary
2014-11,-1.519399,53.791164,Burglary
2014-11,-1.520137,53.790349,Burglary
2014-11,-1.520624,53.791609,Burglary
2014-11,-1.522239,53.789737,Burglary
2014-11,-1.525456,53.795223,Burglary
2014-11,-1.526771,53.793008,Burglary
2014-11,-1.532503,53.793588,Burglary
2014-11,-1.525789,53.791252,Burglary
2014-11,-1.530446,53.792915,Burglary
2014-11,-1.671449,53.793501,Burglary
2014-11,-1.664773,53.785375,Burglary
2014-11,-1.67332,53.789048,Burglary
2014-11,-1.674338,53.79083,Burglary
2014-11,-1.702557,53.790849,Burglary
2014-11,-1.685821,53.79797,Burglary
2014-11,-1.680489,53.794397,Burglary
2014-11,-1.685465,53.794886,Burglary
2014-11,-1.681298,53.797904,Burglary
2014-11,-1.681077,53.795001,Burglary
2014-11,-1.377987,53.788114,Burglary
2014-11,-1.368726,53.782151,Burglary
2014-11,-1.618616,53.797506,Burglary
2014-11,-1.604806,53.793686,Burglary
2014-11,-1.604522,53.794827,Burglary
2014-11,-1.601228,53.794807,Burglary
2014-11,-1.617028,53.790167,Burglary
2014-11,-1.613679,53.789482,Burglary
2014-11,-1.615582,53.785569,Burglary
2014-11,-1.659907,53.799769,Burglary
2014-11,-1.662012,53.79662,Burglary
2014-11,-1.659315,53.795984,Burglary
2014-11,-1.65992,53.796255,Burglary
2014-11,-1.620824,53.786655,Burglary
2014-11,-1.617996,53.792183,Burglary
2014-11,-1.624399,53.794235,Burglary
2014-11,-1.618638,53.786666,Burglary
2014-11,-1.625302,53.796799,Burglary
2014-11,-1.621362,53.794315,Burglary
2014-11,-1.628707,53.796288,Burglary
2014-11,-1.62532,53.775965,Burglary
2014-11,-1.631403,53.77273,Burglary
2014-11,-1.634838,53.77026,Burglary
2014-11,-1.619877,53.795694,Burglary
2014-11,-1.619077,53.798478,Burglary
2014-11,-1.582152,53.789592,Burglary
2014-11,-1.578883,53.791684,Burglary
2014-11,-1.578071,53.78334,Burglary
2014-11,-1.58841,53.789146,Burglary
2014-11,-1.592185,53.789635,Burglary
2014-11,-1.585674,53.784858,Burglary
2014-11,-1.586409,53.78425,Burglary
2014-11,-1.587421,53.78783,Burglary
2014-11,-1.563419,53.781031,Burglary
2014-11,-1.569963,53.78217,Burglary
2014-11,-1.569963,53.78217,Burglary
2014-11,-1.563611,53.782938,Burglary
2014-11,-1.569963,53.78217,Burglary
2014-11,-1.560596,53.783978,Burglary
2014-11,-1.566354,53.774571,Burglary
2014-11,-1.566299,53.787244,Burglary
2014-11,-1.56098,53.790775,Burglary
2014-11,-1.563404,53.78682,Burglary
2014-11,-1.562695,53.795212,Burglary
2014-11,-1.550679,53.787384,Burglary
2014-11,-1.599636,53.78176,Burglary
2014-11,-1.600033,53.781591,Burglary
2014-11,-1.599227,53.781687,Burglary
2014-11,-1.601671,53.780086,Burglary
2014-11,-1.599227,53.781687,Burglary
2014-11,-1.59607,53.780148,Burglary
2014-11,-1.593897,53.78361,Burglary
2014-11,-1.594278,53.785059,Burglary
2014-11,-1.598784,53.783618,Burglary
2014-11,-1.587815,53.783239,Burglary
2014-11,-1.587815,53.783239,Burglary
2014-11,-1.593897,53.78361,Burglary
2014-11,-1.603981,53.781271,Burglary
2014-11,-1.601919,53.784365,Burglary
2014-11,-1.618927,53.776538,Burglary
2014-11,-1.62272,53.783354,Burglary
2014-11,-1.618927,53.776538,Burglary
2014-11,-1.552746,53.781424,Burglary
2014-11,-1.551433,53.782138,Burglary
2014-11,-1.543979,53.782406,Burglary
2014-11,-1.54586,53.776832,Burglary
2014-11,-1.543458,53.778647,Burglary
2014-11,-1.553334,53.776051,Burglary
2014-11,-1.540107,53.77841,Burglary
2014-11,-1.549181,53.77422,Burglary
2014-11,-1.55072,53.770774,Burglary
2014-11,-1.549939,53.774295,Burglary
2014-11,-1.546104,53.775323,Burglary
2014-11,-1.551261,53.775522,Burglary
2014-11,-1.554213,53.774724,Burglary
2014-11,-1.554213,53.774724,Burglary
2014-11,-1.553037,53.772634,Burglary
2014-11,-1.420074,53.766286,Burglary
2014-11,-1.423216,53.768368,Burglary
2014-11,-1.393997,53.761941,Burglary
2014-11,-1.39132,53.753048,Burglary
2014-11,-1.396135,53.763112,Burglary
2014-11,-1.433046,53.762825,Burglary
2014-11,-1.373088,53.773546,Burglary
2014-11,-1.368129,53.767345,Burglary
2014-11,-1.37915,53.763762,Burglary
2014-11,-1.563713,53.770184,Burglary
2014-11,-1.574112,53.771066,Burglary
2014-11,-1.564061,53.771776,Burglary
2014-11,-1.573101,53.769031,Burglary
2014-11,-1.577569,53.768247,Burglary
2014-11,-1.586795,53.769627,Burglary
2014-11,-1.583386,53.769139,Burglary
2014-11,-1.586135,53.76887,Burglary
2014-11,-1.583386,53.769139,Burglary
2014-11,-1.567083,53.764093,Burglary
2014-11,-1.567046,53.773611,Burglary
2014-11,-1.568501,53.772322,Burglary
2014-11,-1.574612,53.774124,Burglary
2014-11,-1.571084,53.774929,Burglary
2014-11,-1.576555,53.781627,Burglary
2014-11,-1.558121,53.772518,Burglary
2014-11,-1.558121,53.772518,Burglary
2014-11,-1.557806,53.772113,Burglary
2014-11,-1.557514,53.769595,Burglary
2014-11,-1.561341,53.769223,Burglary
2014-11,-1.555812,53.768465,Burglary
2014-11,-1.563031,53.765741,Burglary
2014-11,-1.566897,53.758646,Burglary
2014-11,-1.545518,53.769182,Burglary
2014-11,-1.550347,53.764454,Burglary
2014-11,-1.538795,53.766585,Burglary
2014-11,-1.538795,53.766585,Burglary
2014-11,-1.536043,53.774035,Burglary
2014-11,-1.532686,53.767523,Burglary
2014-11,-1.525882,53.766805,Burglary
2014-11,-1.525882,53.766805,Burglary
2014-11,-1.52301,53.764582,Burglary
2014-11,-1.587454,53.758116,Burglary
2014-11,-1.594056,53.759298,Burglary
2014-11,-1.593033,53.758441,Burglary
2014-11,-1.601717,53.75918,Burglary
2014-11,-1.531977,53.75349,Burglary
2014-11,-1.522436,53.755008,Burglary
2014-11,-1.51879,53.756836,Burglary
2014-11,-1.633577,53.761762,Burglary
2014-11,-1.630722,53.758715,Burglary
2014-11,-1.626077,53.757371,Burglary
2014-11,-1.6209,53.756312,Burglary
2014-11,-1.603592,53.758188,Burglary
2014-11,-1.601338,53.752689,Burglary
2014-11,-1.604214,53.754892,Burglary
2014-11,-1.637284,53.761108,Burglary
2014-11,-1.640007,53.761916,Burglary
2014-11,-1.669346,53.75393,Burglary
2014-11,-1.668655,53.758835,Burglary
2014-11,-1.655077,53.75921,Burglary
2014-11,-1.669346,53.75393,Burglary
2014-11,-1.658488,53.759454,Burglary
2014-11,-1.669346,53.75393,Burglary
2014-11,-1.663605,53.754956,Burglary
2014-11,-1.672273,53.752041,Burglary
2014-11,-1.656265,53.75303,Burglary
2014-11,-1.655607,53.753765,Burglary
2014-11,-1.441718,53.753976,Burglary
2014-11,-1.447159,53.756626,Burglary
2014-11,-1.436621,53.755201,Burglary
2014-11,-1.44879,53.758305,Burglary
2014-11,-1.472259,53.757952,Burglary
2014-11,-1.4665,53.757585,Burglary
2014-11,-1.483557,53.75561,Burglary
2014-11,-1.482088,53.756683,Burglary
2014-11,-1.475862,53.748692,Burglary
2014-11,-1.520745,53.7503,Burglary
2014-11,-1.517012,53.754545,Burglary
2014-11,-1.556625,53.748892,Burglary
2014-11,-1.511567,53.749274,Burglary
2014-11,-1.505777,53.746491,Burglary
2014-11,-1.511567,53.749274,Burglary
2014-11,-1.487182,53.755563,Burglary
2014-11,-1.488888,53.733765,Burglary
2014-11,-1.471518,53.746893,Burglary
2014-11,-1.539864,53.745108,Burglary
2014-11,-1.542682,53.746763,Burglary
2014-11,-1.562188,53.753434,Burglary
2014-11,-1.542392,53.744111,Burglary
2014-11,-1.549006,53.745188,Burglary
2014-11,-1.587082,53.740399,Burglary
2014-11,-1.588736,53.743362,Burglary
2014-11,-1.591252,53.738697,Burglary
2014-11,-1.430768,53.723742,Burglary
2014-11,-1.595753,53.749992,Burglary
2014-11,-1.602877,53.745558,Burglary
2014-11,-1.592497,53.735465,Burglary
2014-11,-1.598015,53.737012,Burglary
2014-11,-1.594873,53.739024,Burglary
2014-11,-1.596462,53.742453,Burglary
2014-11,-1.531758,53.737769,Burglary
2014-11,-1.494151,53.730947,Burglary
2014-11,-1.506505,53.737407,Burglary
2014-11,-1.506679,53.740689,Burglary
2014-11,-1.506679,53.740689,Burglary
2014-11,-1.600148,53.735842,Burglary
2014-11,-1.59201,53.718332,Burglary
2014-11,-1.533188,53.724958,Burglary
2014-11,-1.55665,53.72635,Burglary
2014-11,-1.573252,53.716757,Burglary
2014-11,-1.566864,53.727897,Burglary
2014-11,-1.565119,53.725159,Burglary
2014-11,-1.603384,53.836617,Burglary
2014-11,-1.579293,53.829579,Burglary
2014-11,-1.576936,53.825193,Burglary
2014-11,-1.574232,53.825219,Burglary
2014-11,-1.572525,53.827272,Burglary
2014-11,-1.57627,53.826512,Burglary
2014-11,-1.567817,53.827057,Burglary
2014-11,-1.568392,53.825846,Burglary
2014-11,-1.569892,53.824746,Burglary
2014-11,-1.571454,53.826477,Burglary
2014-11,-1.571454,53.826477,Burglary
2014-11,-1.571991,53.824457,Burglary
2014-11,-1.583984,53.822252,Burglary
2014-11,-1.588077,53.823147,Burglary
2014-11,-1.583984,53.822252,Burglary
2014-11,-1.583984,53.822252,Burglary
2014-11,-1.583984,53.822252,Burglary
2014-11,-1.573572,53.815447,Burglary
2014-11,-1.572719,53.815633,Burglary
2014-11,-1.573572,53.815447,Burglary
2014-11,-1.572719,53.815633,Burglary
2014-11,-1.573572,53.815447,Burglary
2014-11,-1.572719,53.815633,Burglary
2014-11,-1.573572,53.815447,Burglary
2014-11,-1.572719,53.815633,Burglary
2014-11,-1.562074,53.815424,Burglary
2014-11,-1.563743,53.814207,Burglary
2014-11,-1.565732,53.814269,Burglary
2014-11,-1.565732,53.814269,Burglary
2014-11,-1.565732,53.814269,Burglary
2014-11,-1.565732,53.814269,Burglary
2014-11,-1.565732,53.814269,Burglary
2014-11,-1.561482,53.815476,Burglary
2014-11,-1.56686,53.813778,Burglary
2014-11,-1.567474,53.813205,Burglary
2014-11,-1.56686,53.813778,Burglary
2014-11,-1.567474,53.813205,Burglary
2014-11,-1.563627,53.813641,Burglary
2014-11,-1.56686,53.813778,Burglary
2014-11,-1.570221,53.822329,Burglary
2014-11,-1.569041,53.821812,Burglary
2014-11,-1.569041,53.821812,Burglary
2014-11,-1.572538,53.823011,Burglary
2014-11,-1.569041,53.821812,Burglary
2014-11,-1.569545,53.82301,Burglary
2014-11,-1.569041,53.821812,Burglary
2014-11,-1.572538,53.823011,Burglary
2014-11,-1.576386,53.820994,Burglary
2014-11,-1.570221,53.822329,Burglary
2014-11,-1.569041,53.821812,Burglary
2014-11,-1.569041,53.821812,Burglary
2014-11,-1.557493,53.816306,Burglary
2014-11,-1.554401,53.817211,Burglary
2014-11,-1.555082,53.817393,Burglary
2014-11,-1.557842,53.816379,Burglary
2014-11,-1.55675,53.816267,Burglary
2014-11,-1.55675,53.816267,Burglary
2014-11,-1.555302,53.816684,Burglary
2014-11,-1.557842,53.816379,Burglary
2014-11,-1.557493,53.816306,Burglary
2014-11,-1.55675,53.816267,Burglary
2014-11,-1.552567,53.8168,Burglary
2014-11,-1.552567,53.8168,Burglary
2014-11,-1.552567,53.8168,Burglary
2014-11,-1.553876,53.816526,Burglary
2014-11,-1.554275,53.816177,Burglary
2014-11,-1.572786,53.816505,Burglary
2014-11,-1.572786,53.816505,Burglary
2014-11,-1.572786,53.816505,Burglary
2014-11,-1.572786,53.816505,Burglary
2014-11,-1.560049,53.818814,Burglary
2014-11,-1.572786,53.816505,Burglary
2014-11,-1.572786,53.816505,Burglary
2014-11,-1.572786,53.816505,Burglary
2014-11,-1.550982,53.798863,Burglary
2014-11,-1.552115,53.797923,Burglary
2014-11,-1.548399,53.800462,Burglary
2014-11,-1.541691,53.796014,Burglary
2014-11,-1.53856,53.797728,Burglary
2014-11,-1.53856,53.797728,Burglary
2014-11,-1.548399,53.800462,Burglary
2014-11,-1.53856,53.797728,Burglary
2014-11,-1.544032,53.804086,Burglary
2014-11,-1.547425,53.802067,Burglary
2014-11,-1.544032,53.804086,Burglary
2014-11,-1.542845,53.796001,Burglary
2014-11,-1.536461,53.79808,Burglary
2014-11,-1.540635,53.799588,Burglary
2014-11,-1.539018,53.800229,Burglary
2014-11,-1.539792,53.798928,Burglary
2014-11,-1.543581,53.802304,Burglary
2014-11,-1.539955,53.796475,Burglary
2014-11,-1.540977,53.79469,Burglary
2014-11,-1.540998,53.795508,Burglary
2014-11,-1.540998,53.795508,Burglary
2014-11,-1.550334,53.796964,Burglary
2014-11,-1.542659,53.794922,Burglary
2014-11,-1.542214,53.788421,Burglary
2014-11,-1.524852,53.780112,Burglary
2014-11,-1.527414,53.777632,Burglary
2014-11,-1.532843,53.777977,Burglary
2014-11,-1.519755,53.777341,Burglary
2014-11,-1.533222,53.775255,Burglary
2014-11,-1.520766,53.777768,Burglary
2014-11,-1.523256,53.776358,Burglary
2014-11,-1.536829,53.774308,Burglary
2014-11,-1.522296,53.780704,Burglary
2014-11,-1.537525,53.774472,Burglary
2014-11,-1.539399,53.793147,Burglary
2014-11,-1.539399,53.793147,Burglary
2014-11,-1.533859,53.790349,Burglary
2014-11,-1.539399,53.793147,Burglary
2014-11,-1.308326,53.72939,Burglary
2014-11,-1.348747,53.723729,Burglary
2014-11,-1.338885,53.731207,Burglary
2014-11,-1.344491,53.7226,Burglary
2014-11,-1.347321,53.717942,Burglary
2014-11,-1.359898,53.725973,Burglary
2014-11,-1.362424,53.726274,Burglary
2014-11,-1.352451,53.727273,Burglary
2014-11,-1.351691,53.726442,Burglary
2014-11,-1.349322,53.722797,Burglary
2014-11,-1.353049,53.723914,Burglary
2014-11,-1.311673,53.714713,Burglary
2014-11,-1.324556,53.722975,Burglary
2014-11,-1.323934,53.722064,Burglary
2014-11,-1.331024,53.722274,Burglary
2014-11,-1.369155,53.721151,Burglary
2014-11,-1.362809,53.72189,Burglary
2014-11,-1.352927,53.719033,Burglary
2014-11,-1.360888,53.719624,Burglary
2014-11,-1.358174,53.717785,Burglary
2014-11,-1.35458,53.7179,Burglary
2014-11,-1.354216,53.719957,Burglary
2014-11,-1.363537,53.711782,Burglary
2014-11,-1.357954,53.71728,Burglary
2014-11,-1.35808,53.715933,Burglary
2014-11,-1.334105,53.71235,Burglary
2014-11,-1.341912,53.710173,Burglary
2014-11,-1.33364,53.715889,Burglary
2014-11,-1.491819,53.714408,Burglary
2014-11,-1.459434,53.720774,Burglary
2014-11,-1.507272,53.705511,Burglary
2014-11,-1.504749,53.708764,Burglary
2014-11,-1.431394,53.710982,Burglary
2014-11,-1.431205,53.710433,Burglary
2014-11,-1.42613,53.712611,Burglary
2014-11,-1.429684,53.711971,Burglary
2014-11,-1.433596,53.709464,Burglary
2014-11,-1.434657,53.706072,Burglary
2014-11,-1.437067,53.705957,Burglary
2014-11,-1.238718,53.706192,Burglary
2014-11,-1.257955,53.710636,Burglary
2014-11,-1.254199,53.709669,Burglary
2014-11,-1.239517,53.70386,Burglary
2014-11,-1.257579,53.697564,Burglary
2014-11,-1.275325,53.707524,Burglary
2014-11,-1.267452,53.71251,Burglary
2014-11,-1.265447,53.707572,Burglary
2014-11,-1.264183,53.710584,Burglary
2014-11,-1.25501,53.697207,Burglary
2014-11,-1.25336,53.69717,Burglary
2014-11,-1.25501,53.697207,Burglary
2014-11,-1.290388,53.691948,Burglary
2014-11,-1.290456,53.691508,Burglary
2014-11,-1.290456,53.691508,Burglary
2014-11,-1.290388,53.691948,Burglary
2014-11,-1.291076,53.694289,Burglary
2014-11,-1.290456,53.691508,Burglary
2014-11,-1.310502,53.708505,Burglary
2014-11,-1.310574,53.707813,Burglary
2014-11,-1.310502,53.708505,Burglary
2014-11,-1.310574,53.707813,Burglary
2014-11,-1.406907,53.704787,Burglary
2014-11,-1.406772,53.705739,Burglary
2014-11,-1.391194,53.715566,Burglary
2014-11,-1.414133,53.694954,Burglary
2014-11,-1.412293,53.69765,Burglary
2014-11,-1.411925,53.699086,Burglary
2014-11,-1.412906,53.696053,Burglary
2014-11,-1.405681,53.700386,Burglary
2014-11,-1.52296,53.714096,Burglary
2014-11,-1.521867,53.704896,Burglary
2014-11,-1.526894,53.69831,Burglary
2014-11,-1.309829,53.685734,Burglary
2014-11,-1.304564,53.683645,Burglary
2014-11,-1.306001,53.693828,Burglary
2014-11,-1.323301,53.688813,Burglary
2014-11,-1.409904,53.690888,Burglary
2014-11,-1.419662,53.691538,Burglary
2014-11,-1.446634,53.68567,Burglary
2014-11,-1.419404,53.688265,Burglary
2014-11,-1.461078,53.67513,Burglary
2014-11,-1.420041,53.697068,Burglary
2014-11,-1.420041,53.697068,Burglary
2014-11,-1.493176,53.691027,Burglary
2014-11,-1.4997,53.689948,Burglary
2014-11,-1.494816,53.688103,Burglary
2014-11,-1.491732,53.688917,Burglary
2014-11,-1.491484,53.686876,Burglary
2014-11,-1.488955,53.679432,Burglary
2014-11,-1.496954,53.685299,Burglary
2014-11,-1.495268,53.683207,Burglary
2014-11,-1.495268,53.683207,Burglary
2014-11,-1.489843,53.679867,Burglary
2014-11,-1.496532,53.680093,Burglary
2014-11,-1.490289,53.679285,Burglary
2014-11,-1.303793,53.689051,Burglary
2014-11,-1.299055,53.688053,Burglary
2014-11,-1.512808,53.68132,Burglary
2014-11,-1.501202,53.683348,Burglary
2014-11,-1.499956,53.685015,Burglary
2014-11,-1.509825,53.691752,Burglary
2014-11,-1.512262,53.6932,Burglary
2014-11,-1.482116,53.684031,Burglary
2014-11,-1.488956,53.683099,Burglary
2014-11,-1.595468,53.695892,Burglary
2014-11,-1.585828,53.690529,Burglary
2014-11,-1.585845,53.684147,Burglary
2014-11,-1.570131,53.685422,Burglary
2014-11,-1.561707,53.685967,Burglary
2014-11,-1.587807,53.683255,Burglary
2014-11,-1.587353,53.689446,Burglary
2014-11,-1.587262,53.687882,Burglary
2014-11,-1.574719,53.680881,Burglary
2014-11,-1.532635,53.691466,Burglary
2014-11,-1.518014,53.680172,Burglary
2014-11,-1.534292,53.677127,Burglary
2014-11,-1.514351,53.685353,Burglary
2014-11,-1.520032,53.685097,Burglary
2014-11,-1.51987,53.684719,Burglary
2014-11,-1.513741,53.68313,Burglary
2014-11,-1.533615,53.686373,Burglary
2014-11,-1.318562,53.679411,Burglary
2014-11,-1.30934,53.681371,Burglary
2014-11,-1.322692,53.68711,Burglary
2014-11,-1.320359,53.686288,Burglary
2014-11,-1.359684,53.694118,Burglary
2014-11,-1.377154,53.714146,Burglary
2014-11,-1.403303,53.678973,Burglary
2014-11,-1.361038,53.69275,Burglary
2014-11,-1.359766,53.692725,Burglary
2014-11,-1.42468,53.676741,Burglary
2014-11,-1.41178,53.66929,Burglary
2014-11,-1.534235,53.67408,Burglary
2014-11,-1.539475,53.67241,Burglary
2014-11,-1.518006,53.672892,Burglary
2014-11,-1.523026,53.67471,Burglary
2014-11,-1.52551,53.674549,Burglary
2014-11,-1.541422,53.674404,Burglary
2014-11,-1.358034,53.680177,Burglary
2014-11,-1.358968,53.669504,Burglary
2014-11,-1.354653,53.678496,Burglary
2014-11,-1.358506,53.677977,Burglary
2014-11,-1.354051,53.671347,Burglary
2014-11,-1.359441,53.676203,Burglary
2014-11,-1.507497,53.669326,Burglary
2014-11,-1.503421,53.668464,Burglary
2014-11,-1.533935,53.668353,Burglary
2014-11,-1.53462,53.66521,Burglary
2014-11,-1.535519,53.667397,Burglary
2014-11,-1.513663,53.667553,Burglary
2014-11,-1.569044,53.671765,Burglary
2014-11,-1.562713,53.660489,Burglary
2014-11,-1.562713,53.660489,Burglary
2014-11,-1.486758,53.665859,Burglary
2014-11,-1.491643,53.66615,Burglary
2014-11,-1.495696,53.662598,Burglary
2014-11,-1.480665,53.670246,Burglary
2014-11,-1.485735,53.666592,Burglary
2014-11,-1.482015,53.666324,Burglary
2014-11,-1.481761,53.667339,Burglary
2014-11,-1.466672,53.654078,Burglary
2014-11,-1.557139,53.656585,Burglary
2014-11,-1.555637,53.659888,Burglary
2014-11,-1.541396,53.655852,Burglary
2014-11,-1.540634,53.654914,Burglary
2014-11,-1.420762,53.653334,Burglary
2014-11,-1.431787,53.663804,Burglary
2014-11,-1.446515,53.664727,Burglary
2014-11,-1.495699,53.645853,Burglary
2014-11,-1.479694,53.65205,Burglary
2014-11,-1.482911,53.652504,Burglary
2014-11,-1.317889,53.650725,Burglary
2014-11,-1.344792,53.64177,Burglary
2014-11,-1.378851,53.648217,Burglary
2014-11,-1.351428,53.641069,Burglary
2014-11,-1.344148,53.643268,Burglary
2014-11,-1.291874,53.650332,Burglary
2014-11,-1.291874,53.650332,Burglary
2014-11,-1.291874,53.650332,Burglary
2014-11,-1.291874,53.650332,Burglary
2014-11,-1.291874,53.650332,Burglary
2014-11,-1.563843,53.644835,Burglary
2014-11,-1.532454,53.640717,Burglary
2014-11,-1.523202,53.641678,Burglary
2014-11,-1.503595,53.644574,Burglary
2014-11,-1.539286,53.617545,Burglary
2014-11,-1.47241,53.613737,Burglary
2014-11,-1.477314,53.613255,Burglary
2014-11,-1.468197,53.651936,Burglary
2014-11,-1.368807,53.622808,Burglary
2014-11,-1.381405,53.633911,Burglary
2014-11,-1.373747,53.62411,Burglary
2014-11,-1.411021,53.623787,Burglary
2014-11,-1.403772,53.612462,Burglary
2014-11,-1.257259,53.617575,Burglary
2014-11,-1.355972,53.61678,Burglary
2014-11,-1.355721,53.616401,Burglary
2014-11,-1.361417,53.61156,Burglary
2014-11,-1.361417,53.61156,Burglary
2014-11,-1.284692,53.59999,Burglary
2014-11,-1.298417,53.593365,Burglary
2014-11,-1.299948,53.595774,Burglary
2014-11,-1.297387,53.596236,Burglary
2014-11,-1.300606,53.594367,Burglary
2014-11,-1.308476,53.595428,Burglary
2014-11,-1.315176,53.595943,Burglary
2014-11,-1.281596,53.59545,Burglary
2014-11,-1.283953,53.59719,Burglary
2014-11,-1.281596,53.59545,Burglary
2014-11,-1.281596,53.59545,Burglary
2014-11,-1.283307,53.59075,Burglary
2014-11,-1.283709,53.591966,Burglary
2014-11,-1.289,53.591809,Burglary
2014-11,-1.289,53.591809,Burglary
2014-11,-1.285844,53.589902,Burglary
2014-11,-1.29871,53.589349,Burglary
2014-11,-1.333113,53.589088,Burglary
2014-11,-1.319366,53.589046,Burglary
2014-11,-1.321172,53.589461,Burglary
2014-11,-1.317739,53.589738,Burglary
2014-11,-1.323984,53.591239,Burglary
2014-11,-1.327778,53.592096,Burglary
